#
# A fatal error has been detected by the Java Runtime Environment:
#
#  SIGSEGV (0xb) at pc=0x000000022afdc0f4, pid=55743, tid=259
#
# JRE version: OpenJDK Runtime Environment Temurin-25.0.3+9 (25.0.3+9) (build 25.0.3+9-LTS)
# Java VM: OpenJDK 64-Bit Server VM Temurin-25.0.3+9 (25.0.3+9-LTS, mixed mode, sharing, tiered, compressed oops, compressed class ptrs, g1 gc, bsd-aarch64)
# Problematic frame:
# C  [GLEngine+0x1150f4]  gleRunVertexSubmitImmediate+0x1940
#
# No core dump will be written. Core dumps have been disabled. To enable core dumping, try "ulimit -c unlimited" before starting Java again
#
# If you would like to submit a bug report, please visit:
#   https://github.com/adoptium/adoptium-support/issues
# The crash happened outside the Java Virtual Machine in native code.
# See problematic frame for where to report the bug.
#

---------------  S U M M A R Y ------------

Command Line: --enable-native-access=ALL-UNNAMED -Dfile.encoding=UTF-8 -Duser.country=UA -Duser.language=ru -Duser.variant com.graphics.Main

Host: "Mac16,12" arm64, 10 cores, 16G, Darwin 25.5.0, macOS 26.5.2 (25F84)
Time: Sun Aug  2 15:51:39 2026 EEST elapsed time: 16.347027 seconds (0d 0h 0m 16s)

---------------  T H R E A D  ---------------

Current thread (0x0000000100f792d0):  JavaThread "main"             [_thread_in_native, id=259, stack(0x000000016ee44000,0x000000016f640000) (8176K)]

Stack: [0x000000016ee44000,0x000000016f640000],  sp=0x000000016f639c50,  free space=8151k
Native frames: (J=compiled Java code, j=interpreted, Vv=VM code, C=native code)
C  [GLEngine+0x1150f4]  gleRunVertexSubmitImmediate+0x1940
C  [GLEngine+0x1547e0]  gleDrawArraysOrElements_ExecCore+0x250
C  [GLEngine+0xbb7dc]  glDrawArrays_IMM_Exec+0x2a0
J 1648  org.lwjgl.opengl.GL11C.glDrawArrays(III)V (0 bytes) @ 0x0000000117de2728 [0x0000000117de2680+0x00000000000000a8]
J 1766 c1 com.badlogic.gdx.graphics.Mesh.render(Lcom/badlogic/gdx/graphics/glutils/ShaderProgram;IIIZ)V (327 bytes) @ 0x0000000110520680 [0x000000011051eac0+0x0000000000001bc0]
J 1746 c1 com.badlogic.gdx.graphics.Mesh.render(Lcom/badlogic/gdx/graphics/glutils/ShaderProgram;I)V (35 bytes) @ 0x000000011051895c [0x0000000110518380+0x00000000000005dc]
J 1756 c1 com.badlogic.gdx.graphics.glutils.ImmediateModeRenderer20.flush()V (106 bytes) @ 0x000000011051c538 [0x000000011051bf00+0x0000000000000638]
J 1789 c1 com.graphics.render.MenuRenderer.render(Ljava/lang/String;Ljava/util/List;IILjava/lang/String;)V (595 bytes) @ 0x000000011052a520 [0x0000000110528d00+0x0000000000001820]
J 1803 c1 com.graphics.screen.MainMenuScreen.render(F)V (32 bytes) @ 0x000000011052dc40 [0x000000011052da40+0x0000000000000200]
J 1780 c1 com.badlogic.gdx.backends.lwjgl3.Lwjgl3Window.update()Z (312 bytes) @ 0x0000000110526680 [0x0000000110524e00+0x0000000000001880]
j  com.badlogic.gdx.backends.lwjgl3.Lwjgl3Application.loop()V+120
j  com.badlogic.gdx.backends.lwjgl3.Lwjgl3Application.<init>(Lcom/badlogic/gdx/ApplicationListener;Lcom/badlogic/gdx/backends/lwjgl3/Lwjgl3ApplicationConfiguration;)V+269
j  com.graphics.Main.main([Ljava/lang/String;)V+72
v  ~StubRoutines::call_stub 0x00000001177fc154
V  [libjvm.dylib+0x4e7ef4]  JavaCalls::call_helper(JavaValue*, methodHandle const&, JavaCallArguments*, JavaThread*)+0x3dc
V  [libjvm.dylib+0x56e04c]  jni_invoke_static(JNIEnv_*, JavaValue*, _jobject*, JNICallType, _jmethodID*, JNI_ArgumentPusher*, JavaThread*)+0x174
V  [libjvm.dylib+0x571a50]  jni_CallStaticVoidMethod+0xfc
C  [libjli.dylib+0xac08]  JavaMain+0x918
C  [libjli.dylib+0xd930]  __JVMInit_block_invoke+0x48
C  [Foundation+0x3e16c]  __NSBLOCKOPERATION_IS_CALLING_OUT_TO_A_BLOCK__+0x18
C  [Foundation+0x3e03c]  -[NSBlockOperation main]+0x58
C  [Foundation+0x3dfdc]  __NSOPERATION_IS_INVOKING_MAIN__+0x10
C  [Foundation+0x3d3e8]  -[NSOperation start]+0x280
C  [Foundation+0x78adc]  __NSThreadPerformPerform+0x108
C  [CoreFoundation+0x7df30]  __CFRUNLOOP_IS_CALLING_OUT_TO_A_SOURCE0_PERFORM_FUNCTION__+0x1c
C  [CoreFoundation+0x7dec4]  __CFRunLoopDoSource0+0xac
C  [CoreFoundation+0x7dc30]  __CFRunLoopDoSources0+0xe8
C  [CoreFoundation+0x7c854]  __CFRunLoopRun+0x334
C  [CoreFoundation+0x14f1c4]  _CFRunLoopRunSpecificWithOptions+0x214
C  [libjli.dylib+0xcf1c]  CreateExecutionEnvironment+0x19c
C  [libjli.dylib+0x89d4]  JLI_Launch+0x230
C  [java+0x3ba4]  main+0x194
C  [dyld+0x1fe00]  start+0x1b50
Java frames: (J=compiled Java code, j=interpreted, Vv=VM code)
J 1648  org.lwjgl.opengl.GL11C.glDrawArrays(III)V (0 bytes) @ 0x0000000117de26f8 [0x0000000117de2680+0x0000000000000078]
J 1766 c1 com.badlogic.gdx.graphics.Mesh.render(Lcom/badlogic/gdx/graphics/glutils/ShaderProgram;IIIZ)V (327 bytes) @ 0x0000000110520680 [0x000000011051eac0+0x0000000000001bc0]
J 1746 c1 com.badlogic.gdx.graphics.Mesh.render(Lcom/badlogic/gdx/graphics/glutils/ShaderProgram;I)V (35 bytes) @ 0x000000011051895c [0x0000000110518380+0x00000000000005dc]
J 1756 c1 com.badlogic.gdx.graphics.glutils.ImmediateModeRenderer20.flush()V (106 bytes) @ 0x000000011051c538 [0x000000011051bf00+0x0000000000000638]
J 1789 c1 com.graphics.render.MenuRenderer.render(Ljava/lang/String;Ljava/util/List;IILjava/lang/String;)V (595 bytes) @ 0x000000011052a520 [0x0000000110528d00+0x0000000000001820]
J 1803 c1 com.graphics.screen.MainMenuScreen.render(F)V (32 bytes) @ 0x000000011052dc40 [0x000000011052da40+0x0000000000000200]
J 1780 c1 com.badlogic.gdx.backends.lwjgl3.Lwjgl3Window.update()Z (312 bytes) @ 0x0000000110526680 [0x0000000110524e00+0x0000000000001880]
j  com.badlogic.gdx.backends.lwjgl3.Lwjgl3Application.loop()V+120
j  com.badlogic.gdx.backends.lwjgl3.Lwjgl3Application.<init>(Lcom/badlogic/gdx/ApplicationListener;Lcom/badlogic/gdx/backends/lwjgl3/Lwjgl3ApplicationConfiguration;)V+269
j  com.graphics.Main.main([Ljava/lang/String;)V+72
v  ~StubRoutines::call_stub 0x00000001177fc154

siginfo: si_signo: 11 (SIGSEGV), si_code: 2 (SEGV_ACCERR), si_addr: 0x0000000000000000

Registers:
 x0=0x0000000b99bcc000  x1=0x0000000000000000  x2=0x0000000000000000  x3=0x0000000000000000
 x4=0x0000000000000000  x5=0x0000000b9be9d4f0  x6=0xffffffffbfc007ff  x7=0xfffff0003ffff800
 x8=0x0000000000000000  x9=0x0000000800030a01 x10=0x0000000000000000 x11=0x0000000000000000
x12=0x0000000b99bcc000 x13=0x00000000ffffffff x14=0x0000000000000000 x15=0x0000000000000000
x16=0x000000022afdbd58 x17=0x000000022afdb1c4 x18=0x0000000000000000 x19=0x0000000b9be9d4f0
x20=0x0000000000000008 x21=0x0000000000000003 x22=0x00000000fffffffe x23=0x0000000000000000
x24=0x0000000000000006 x25=0x00000000ffffffff x26=0x0000000000000001 x27=0x0000000000000000
x28=0x0000103301041000  fp=0x000000016f639e00  lr=0x000000022b01b7e0  sp=0x000000016f639c50
pc=0x000000022afdc0f4 cpsr=0x0000000060000000

Register to memory mapping:

x0 =0x0000000b99bcc000 points into unknown readable memory: 0x0000000000000000 | 00 00 00 00 00 00 00 00
x1 =0x0 is null
x2 =0x0 is null
x3 =0x0 is null
x4 =0x0 is null
x5 =0x0000000b9be9d4f0 points into unknown readable memory: 0x0000000800030a01 | 01 0a 03 00 08 00 00 00
x6 =0xffffffffbfc007ff is an unknown value
x7 =0xfffff0003ffff800 is an unknown value
x8 =0x0 is null
x9 =0x0000000800030a01 is an unknown value
x10=0x0 is null
x11=0x0 is null
x12=0x0000000b99bcc000 points into unknown readable memory: 0x0000000000000000 | 00 00 00 00 00 00 00 00
x13=0x00000000ffffffff is an unknown value
x14=0x0 is null
x15=0x0 is null
x16=0x000000022afdbd58: gleRunVertexSubmitImmediate+0x15a4 in /System/Library/Frameworks/OpenGL.framework/Versions/A/Resources/GLEngine.bundle/GLEngine at 0x000000022aec7000
x17=0x000000022afdb1c4: gleRunVertexSubmitImmediate+0xa10 in /System/Library/Frameworks/OpenGL.framework/Versions/A/Resources/GLEngine.bundle/GLEngine at 0x000000022aec7000
x18=0x0 is null
x19=0x0000000b9be9d4f0 points into unknown readable memory: 0x0000000800030a01 | 01 0a 03 00 08 00 00 00
x20=0x0000000000000008 is an unknown value
x21=0x0000000000000003 is an unknown value
x22=0x00000000fffffffe is an unknown value
x23=0x0 is null
x24=0x0000000000000006 is an unknown value
x25=0x00000000ffffffff is an unknown value
x26=0x0000000000000001 is an unknown value
x27=0x0 is null
x28=0x0000103301041000 is an unknown value
 fp=0x000000016f639e00 is pointing into the stack for thread: 0x0000000100f792d0
 lr=0x000000022b01b7e0: gleDrawArraysOrElements_ExecCore+0x250 in /System/Library/Frameworks/OpenGL.framework/Versions/A/Resources/GLEngine.bundle/GLEngine at 0x000000022aec7000
 sp=0x000000016f639c50 is pointing into the stack for thread: 0x0000000100f792d0

Top of Stack: (sp=0x000000016f639c50)
0x000000016f639c50:   447fc000447fc000 40400000447fc000   ...D...D...D..@@
0x000000016f639c60:   bf800000bf800000 bf800000bf800000   ................
0x000000016f639c70:   ffffffeaffffffea ffffffe2ffffffea   ................
0x000000016f639c80:   0000000c00000016 0000000000000000   ................
0x000000016f639c90:   0000000000000000 0000000b99bd6278   ........xb......
0x000000016f639ca0:   0000000000000000 000000016f639d40   ........@.co....
0x000000016f639cb0:   00000000fffffffe 0000000b99bcc000   ................
0x000000016f639cc0:   0000000000000000 0000000000000000   ................
0x000000016f639cd0:   0000000000000000 0000000000000000   ................
0x000000016f639ce0:   0000000000000000 0000000000000000   ................
0x000000016f639cf0:   0000000000000000 000000012db38fc4   ...........-....
0x000000016f639d00:   0000000000000000 0000000000000000   ................
0x000000016f639d10:   0000000000000000 0000000000000000   ................
0x000000016f639d20:   0000000000000000 0000000130a1c000   ...........0....
0x000000016f639d30:   0000000130a1c090 0000000000000000   ...0............
0x000000016f639d40:   0000000b99bcfe70 0000000b99bd0080   p...............
0x000000016f639d50:   0000000b9affc3c0 000000000000000c   ................
0x000000016f639d60:   e4d30380dc7c0050 0000000b99be6e80   P.|......n......
0x000000016f639d70:   0000000000000000 0000000000000000   ................
0x000000016f639d80:   00000000c0000000 0000000000000000   ................
0x000000016f639d90:   0000000000000000 0000000000000000   ................
0x000000016f639da0:   0000000000000000 0000000000000000   ................
0x000000016f639db0:   0000000b99bd6280 0000000b99bd6c48   .b......Hl......
0x000000016f639dc0:   000000000000000c 0000000000000000   ................
0x000000016f639dd0:   0000000b9affc218 000000000000000c   ................
0x000000016f639de0:   0000000000000000 0000000000000004   ................
0x000000016f639df0:   000000000000000c 0000000b99bcc000   ................
0x000000016f639e00:   000000016f639f20 000000022b01b7e0    .co.......+....
0x000000016f639e10:   000000016f639ec0 000000000000000c   ..co............
0x000000016f639e20:   0000000b9affc028 0000000b9affc440   (.......@.......
0x000000016f639e30:   0000000b99bd1144 0000000000000001   D...............
0x000000016f639e40:   0000000000000000 0000000000000000   ................

Instructions: (pc=0x000000022afdc0f4)
  0x000000022afdbff4:   a0 00 00 54 3f 15 00 71 01 5a ff 54 1f 0d 00 b9
  0x000000022afdc004:   ce fa ff 17 29 00 80 52 09 0d 00 b9 cb fa ff 17
  0x000000022afdc014:   3f 15 00 71 23 59 ff 54 1f 05 00 f9 c7 fa ff 17
  0x000000022afdc024:   3f 11 00 71 41 f1 ff 54 09 f0 e7 d2 09 05 00 f9
  0x000000022afdc034:   c2 fa ff 17 00 0d 00 bd c0 fa ff 17 bf 0e 00 71
  0x000000022afdc044:   60 05 00 54 bf 12 00 71 e1 99 ff 54 17 00 80 52
  0x000000022afdc054:   00 01 c0 3d e0 33 80 3d ca fc ff 17 4b 11 c0 5a
  0x000000022afdc064:   6c 11 00 52 4d 01 80 52 ac 01 0c 4b 2c 21 cc 1a
  0x000000022afdc074:   0d 60 a8 52 ab 5d 0b 4b 8c 21 1f 12 5f 01 00 71
  0x000000022afdc084:   eb 03 8b 1a ea 03 8c 1a 03 00 00 14 0c 00 a7 52
  0x000000022afdc094:   8b 35 0b 0b 6a 35 0a 2a 29 7d 0f 53 2a 01 01 33
  0x000000022afdc0a4:   ea c3 00 b9 bf 0a 00 71 e3 0a 00 54 09 05 40 79
  0x000000022afdc0b4:   2a 25 00 12 2b 11 16 72 60 02 00 54 0c 80 8f 52
  0x000000022afdc0c4:   7f 01 0c 6b 81 03 00 54 5f 01 00 71 0a 00 b0 12
  0x000000022afdc0d4:   0b f0 af 52 6a 01 8a 1a 1a 00 00 14 17 00 80 52
  0x000000022afdc0e4:   00 01 40 bd e0 c3 00 bd a6 fc ff 17 17 00 80 52
=>0x000000022afdc0f4:   00 01 40 fd e0 63 00 fd 00 09 40 bd e0 cb 00 bd
  0x000000022afdc104:   a0 fc ff 17 4b 11 c0 5a 6c 11 00 52 4d 01 80 52
  0x000000022afdc114:   ac 01 0c 4b 2c 21 cc 1a 0d 60 a8 52 ab 5d 0b 4b
  0x000000022afdc124:   8c 21 1f 12 5f 01 00 71 eb 03 8b 1a ea 03 8c 1a
  0x000000022afdc134:   03 00 00 14 0c 00 a7 52 8b 35 0b 0b 6a 35 0a 2a
  0x000000022afdc144:   29 7d 0f 53 2a 01 01 33 ea c7 00 b9 bf 0a 00 71
  0x000000022afdc154:   a0 05 00 54 09 09 40 79 2a 25 00 12 2b 11 16 72
  0x000000022afdc164:   20 01 00 54 0c 80 8f 52 7f 01 0c 6b 41 02 00 54
  0x000000022afdc174:   5f 01 00 71 0a 00 b0 12 0b f0 af 52 6a 01 8a 1a
  0x000000022afdc184:   10 00 00 14 4b 11 c0 5a 6c 11 00 52 4d 01 80 52
  0x000000022afdc194:   ac 01 0c 4b 2c 21 cc 1a 0d 60 a8 52 ab 5d 0b 4b
  0x000000022afdc1a4:   8c 21 1f 12 5f 01 00 71 eb 03 8b 1a ea 03 8c 1a
  0x000000022afdc1b4:   03 00 00 14 0c 00 a7 52 8b 35 0b 0b 6a 35 0a 2a
  0x000000022afdc1c4:   29 7d 0f 53 2a 01 01 33 ea cb 00 b9 bf 12 00 71
  0x000000022afdc1d4:   a3 01 00 54 08 0d 40 79 09 25 00 12 0a 11 16 72
  0x000000022afdc1e4:   80 01 00 54 0b 80 8f 52 5f 01 0b 6b 61 02 00 54


Stack slot to memory mapping:

stack at sp + 0 slots: 0x447fc000447fc000 is an unknown value
stack at sp + 1 slots: 0x40400000447fc000 is an unknown value
stack at sp + 2 slots: 0xbf800000bf800000 is an unknown value
stack at sp + 3 slots: 0xbf800000bf800000 is an unknown value
stack at sp + 4 slots: 0xffffffeaffffffea is an unknown value
stack at sp + 5 slots: 0xffffffe2ffffffea is an unknown value
stack at sp + 6 slots: 0x0000000c00000016 is an unknown value
stack at sp + 7 slots: 0x0 is null

Lock stack of current Java thread (top to bottom):


Compiled method (n/a) 16352 1648     n 0       org.lwjgl.opengl.GL11C::glDrawArrays (native)
 total in heap  [0x0000000117de2588,0x0000000117de27d8] = 592
 main code      [0x0000000117de2680,0x0000000117de27c8] = 328
 oops           [0x0000000117de27c8,0x0000000117de27d8] = 16
 mutable data [0x0000000b9be13be0,0x0000000b9be13bf8] = 24
 relocation     [0x0000000b9be13be0,0x0000000b9be13bf8] = 24

[Constant Pool (empty)]

[MachCode]
[Entry Point]
  # {method} {0x0000000126689010} 'glDrawArrays' '(III)V' in 'org/lwjgl/opengl/GL11C'
  # parm0:    c_rarg1   = int
  # parm1:    c_rarg2   = int
  # parm2:    c_rarg3   = int
  #           [sp+0x60]  (sp of caller)
  0x0000000117de2680: 1f20 03d5 | 2808 40b9 | 2a09 40b9 | 1f01 0a6b | 4000 0054 

  0x0000000117de2694: ;   {runtime_call Shared Runtime ic_miss_blob}
  0x0000000117de2694: 5b53 e917 
[Verified Entry Point]
  0x0000000117de2698: 1f20 03d5 | e953 40d1 | 3f01 00f9 | fd7b bfa9 | fd03 0091 | ff43 01d1 | 2801 0018 | 8923 40b9 
  0x0000000117de26b8: 1f01 09eb | e000 0054 

  0x0000000117de26c0: ;   {runtime_call Stub::method_entry_barrier}
  0x0000000117de26c0: 0830 80d2 | 88f0 a2f2 | 2800 c0f2 | 0001 3fd6 | 0200 0014 | 0100 0000 | 647c 4093 | 437c 4093 
  0x0000000117de26e0: 227c 4093 

  0x0000000117de26e4: ;   {oop(a 'java/lang/Class'{0x000000070f4fa7e8} = 'org/lwjgl/opengl/GL11C')}
  0x0000000117de26e4: 01fd 94d2 | e1e9 a1f2 | e100 c0f2 | e123 00f9 | e103 0191 | 0800 0010 | 880b 02f9 | e803 0091 
  0x0000000117de2704: 8807 02f9 | 80a3 1091 | e803 7eb2 | 89d3 1291 | 28fd 9f88 
[error occurred during error reporting (printing code blobs if possible), id 0xb, SIGSEGV (0xb) at pc=0x00000001068f894c]

---------------  P R O C E S S  ---------------

Threads class SMR info:
_java_thread_list=0x0000000b9bda2aa0, length=11, elements={
0x0000000100f792d0, 0x0000000100f94ff0, 0x0000000b9b160000, 0x0000000b9b160800,
0x0000000b9b161000, 0x0000000b9b161800, 0x0000000b9b0a9e00, 0x0000000b9b0aa800,
0x0000000b9b162000, 0x0000000b9b162800, 0x0000000b9bb70000
}

Java Threads: ( => current thread )
=>0x0000000100f792d0 JavaThread "main"                              [_thread_in_native, id=259, stack(0x000000016ee44000,0x000000016f640000) (8176K)]
  0x0000000100f94ff0 JavaThread "Reference Handler"          daemon [_thread_blocked, id=24323, stack(0x000000017063c000,0x000000017083f000) (2060K)]
  0x0000000b9b160000 JavaThread "Finalizer"                  daemon [_thread_blocked, id=24579, stack(0x0000000170848000,0x0000000170a4b000) (2060K)]
  0x0000000b9b160800 JavaThread "Signal Dispatcher"          daemon [_thread_blocked, id=28931, stack(0x0000000170a54000,0x0000000170c57000) (2060K)]
  0x0000000b9b161000 JavaThread "Service Thread"             daemon [_thread_blocked, id=28675, stack(0x0000000170c60000,0x0000000170e63000) (2060K)]
  0x0000000b9b161800 JavaThread "Monitor Deflation Thread"   daemon [_thread_blocked, id=25347, stack(0x0000000170e6c000,0x000000017106f000) (2060K)]
  0x0000000b9b0a9e00 JavaThread "C2 CompilerThread0"         daemon [_thread_blocked, id=28163, stack(0x0000000171078000,0x000000017127b000) (2060K)]
  0x0000000b9b0aa800 JavaThread "C1 CompilerThread0"         daemon [_thread_blocked, id=25603, stack(0x0000000171284000,0x0000000171487000) (2060K)]
  0x0000000b9b162000 JavaThread "Notification Thread"        daemon [_thread_blocked, id=26115, stack(0x0000000171490000,0x0000000171693000) (2060K)]
  0x0000000b9b162800 JavaThread "Common-Cleaner"             daemon [_thread_blocked, id=27395, stack(0x000000017169c000,0x000000017189f000) (2060K)]
  0x0000000b9bb70000 JavaThread "Thread-0"                   daemon [_thread_blocked, id=91147, stack(0x0000000171dfc000,0x0000000171fff000) (2060K)]
Total: 11

Other Threads:
  0x0000000b9b0e9800 VMThread "VM Thread"                           [id=19203, stack(0x0000000170318000,0x000000017051b000) (2060K)]
  0x0000000b9b0e9400 WatcherThread "VM Periodic Task Thread"        [id=16647, stack(0x000000017010c000,0x000000017030f000) (2060K)]
  0x0000000100f84560 WorkerThread "GC Thread#0"                     [id=12035, stack(0x000000016f6d0000,0x000000016f8d3000) (2060K)]
  0x0000000100f85610 ConcurrentGCThread "G1 Main Marker"            [id=12291, stack(0x000000016f8dc000,0x000000016fadf000) (2060K)]
  0x0000000b9ad0c000 WorkerThread "G1 Conc#0"                       [id=13059, stack(0x000000016fae8000,0x000000016fceb000) (2060K)]
  0x0000000b9ad0c500 ConcurrentGCThread "G1 Refine#0"               [id=13571, stack(0x000000016fcf4000,0x000000016fef7000) (2060K)]
  0x0000000b9ad0ca00 ConcurrentGCThread "G1 Service"                [id=21507, stack(0x000000016ff00000,0x0000000170103000) (2060K)]
Total: 7

Threads with active compile tasks:
Total: 0

VM state: not at safepoint (normal execution)

VM Mutex/Monitor currently owned by a thread: None

Heap address: 0x0000000700000000, size: 4096 MB, Compressed Oops mode: Zero based, Oop shift amount: 3

CDS archive(s) mapped at: [0x000001c000000000-0x000001c000d94000-0x000001c000d94000), size 14237696, SharedBaseAddress: 0x000001c000000000, ArchiveRelocationMode: 1.
Compressed class space mapped at: 0x000001c001000000-0x000001c041000000, reserved size: 1073741824
UseCompressedClassPointers 1, UseCompactObjectHeaders 0
Narrow klass pointer bits 32, Max shift 3
Narrow klass base: 0x000001c000000000, Narrow klass shift: 0
Encoding Range: [0x000001c000000000 - 0x000001c100000000), (4294967296 bytes)
Klass Range:    [0x000001c000004000 - 0x000001c041000000), (1090502656 bytes)
Klass ID Range:  [16384 - 1090519033) (1090502649)
Protection zone: [0x000001c000000000 - 0x000001c000004000), (16384 bytes)

GC Precious Log:
 CardTable entry size: 512
 Card Set container configuration: InlinePtr #cards 4 size 8 Array Of Cards #cards 16 size 48 Howl #buckets 8 coarsen threshold 3686 Howl Bitmap #cards 512 size 80 coarsen threshold 460 Card regions per heap region 1 cards per card region 4096
 CPUs: 10 total, 10 available
 Memory: 16384M
 Large Page Support: Disabled
 NUMA Support: Disabled
 Compressed Oops: Enabled (Zero based)
 Heap Region Size: 2M
 Heap Min Capacity: 8M
 Heap Initial Capacity: 256M
 Heap Max Capacity: 4G
 Pre-touch: Disabled
 Parallel Workers: 9
 Concurrent Workers: 2
 Concurrent Refinement Workers: 9
 Periodic GC: Disabled

Heap:
 garbage-first heap   total reserved 4194304K, committed 264192K, used 33918K [0x0000000700000000, 0x0000000800000000)
  region size 2048K, 18 young (36864K), 0 survivors (0K)

Heap Regions: E=young(eden), S=young(survivor), O=old, HS=humongous(starts), HC=humongous(continues), CS=collection set, F=free, TAMS=top-at-mark-start, PB=parsable bottom
|   0|0x0000000700000000, 0x0000000700000000, 0x0000000700200000|  0%| F|  |TAMS 0x0000000700000000| PB 0x0000000700000000| Untracked |  0
|   1|0x0000000700200000, 0x0000000700200000, 0x0000000700400000|  0%| F|  |TAMS 0x0000000700200000| PB 0x0000000700200000| Untracked |  0
|   2|0x0000000700400000, 0x0000000700400000, 0x0000000700600000|  0%| F|  |TAMS 0x0000000700400000| PB 0x0000000700400000| Untracked |  0
|   3|0x0000000700600000, 0x0000000700600000, 0x0000000700800000|  0%| F|  |TAMS 0x0000000700600000| PB 0x0000000700600000| Untracked |  0
|   4|0x0000000700800000, 0x0000000700800000, 0x0000000700a00000|  0%| F|  |TAMS 0x0000000700800000| PB 0x0000000700800000| Untracked |  0
|   5|0x0000000700a00000, 0x0000000700a00000, 0x0000000700c00000|  0%| F|  |TAMS 0x0000000700a00000| PB 0x0000000700a00000| Untracked |  0
|   6|0x0000000700c00000, 0x0000000700c00000, 0x0000000700e00000|  0%| F|  |TAMS 0x0000000700c00000| PB 0x0000000700c00000| Untracked |  0
|   7|0x0000000700e00000, 0x0000000700e00000, 0x0000000701000000|  0%| F|  |TAMS 0x0000000700e00000| PB 0x0000000700e00000| Untracked |  0
|   8|0x0000000701000000, 0x0000000701000000, 0x0000000701200000|  0%| F|  |TAMS 0x0000000701000000| PB 0x0000000701000000| Untracked |  0
|   9|0x0000000701200000, 0x0000000701200000, 0x0000000701400000|  0%| F|  |TAMS 0x0000000701200000| PB 0x0000000701200000| Untracked |  0
|  10|0x0000000701400000, 0x0000000701400000, 0x0000000701600000|  0%| F|  |TAMS 0x0000000701400000| PB 0x0000000701400000| Untracked |  0
|  11|0x0000000701600000, 0x0000000701600000, 0x0000000701800000|  0%| F|  |TAMS 0x0000000701600000| PB 0x0000000701600000| Untracked |  0
|  12|0x0000000701800000, 0x0000000701800000, 0x0000000701a00000|  0%| F|  |TAMS 0x0000000701800000| PB 0x0000000701800000| Untracked |  0
|  13|0x0000000701a00000, 0x0000000701a00000, 0x0000000701c00000|  0%| F|  |TAMS 0x0000000701a00000| PB 0x0000000701a00000| Untracked |  0
|  14|0x0000000701c00000, 0x0000000701c00000, 0x0000000701e00000|  0%| F|  |TAMS 0x0000000701c00000| PB 0x0000000701c00000| Untracked |  0
|  15|0x0000000701e00000, 0x0000000701e00000, 0x0000000702000000|  0%| F|  |TAMS 0x0000000701e00000| PB 0x0000000701e00000| Untracked |  0
|  16|0x0000000702000000, 0x0000000702000000, 0x0000000702200000|  0%| F|  |TAMS 0x0000000702000000| PB 0x0000000702000000| Untracked |  0
|  17|0x0000000702200000, 0x0000000702200000, 0x0000000702400000|  0%| F|  |TAMS 0x0000000702200000| PB 0x0000000702200000| Untracked |  0
|  18|0x0000000702400000, 0x0000000702400000, 0x0000000702600000|  0%| F|  |TAMS 0x0000000702400000| PB 0x0000000702400000| Untracked |  0
|  19|0x0000000702600000, 0x0000000702600000, 0x0000000702800000|  0%| F|  |TAMS 0x0000000702600000| PB 0x0000000702600000| Untracked |  0
|  20|0x0000000702800000, 0x0000000702800000, 0x0000000702a00000|  0%| F|  |TAMS 0x0000000702800000| PB 0x0000000702800000| Untracked |  0
|  21|0x0000000702a00000, 0x0000000702a00000, 0x0000000702c00000|  0%| F|  |TAMS 0x0000000702a00000| PB 0x0000000702a00000| Untracked |  0
|  22|0x0000000702c00000, 0x0000000702c00000, 0x0000000702e00000|  0%| F|  |TAMS 0x0000000702c00000| PB 0x0000000702c00000| Untracked |  0
|  23|0x0000000702e00000, 0x0000000702e00000, 0x0000000703000000|  0%| F|  |TAMS 0x0000000702e00000| PB 0x0000000702e00000| Untracked |  0
|  24|0x0000000703000000, 0x0000000703000000, 0x0000000703200000|  0%| F|  |TAMS 0x0000000703000000| PB 0x0000000703000000| Untracked |  0
|  25|0x0000000703200000, 0x0000000703200000, 0x0000000703400000|  0%| F|  |TAMS 0x0000000703200000| PB 0x0000000703200000| Untracked |  0
|  26|0x0000000703400000, 0x0000000703400000, 0x0000000703600000|  0%| F|  |TAMS 0x0000000703400000| PB 0x0000000703400000| Untracked |  0
|  27|0x0000000703600000, 0x0000000703600000, 0x0000000703800000|  0%| F|  |TAMS 0x0000000703600000| PB 0x0000000703600000| Untracked |  0
|  28|0x0000000703800000, 0x0000000703800000, 0x0000000703a00000|  0%| F|  |TAMS 0x0000000703800000| PB 0x0000000703800000| Untracked |  0
|  29|0x0000000703a00000, 0x0000000703a00000, 0x0000000703c00000|  0%| F|  |TAMS 0x0000000703a00000| PB 0x0000000703a00000| Untracked |  0
|  30|0x0000000703c00000, 0x0000000703c00000, 0x0000000703e00000|  0%| F|  |TAMS 0x0000000703c00000| PB 0x0000000703c00000| Untracked |  0
|  31|0x0000000703e00000, 0x0000000703e00000, 0x0000000704000000|  0%| F|  |TAMS 0x0000000703e00000| PB 0x0000000703e00000| Untracked |  0
|  32|0x0000000704000000, 0x0000000704000000, 0x0000000704200000|  0%| F|  |TAMS 0x0000000704000000| PB 0x0000000704000000| Untracked |  0
|  33|0x0000000704200000, 0x0000000704200000, 0x0000000704400000|  0%| F|  |TAMS 0x0000000704200000| PB 0x0000000704200000| Untracked |  0
|  34|0x0000000704400000, 0x0000000704400000, 0x0000000704600000|  0%| F|  |TAMS 0x0000000704400000| PB 0x0000000704400000| Untracked |  0
|  35|0x0000000704600000, 0x0000000704600000, 0x0000000704800000|  0%| F|  |TAMS 0x0000000704600000| PB 0x0000000704600000| Untracked |  0
|  36|0x0000000704800000, 0x0000000704800000, 0x0000000704a00000|  0%| F|  |TAMS 0x0000000704800000| PB 0x0000000704800000| Untracked |  0
|  37|0x0000000704a00000, 0x0000000704a00000, 0x0000000704c00000|  0%| F|  |TAMS 0x0000000704a00000| PB 0x0000000704a00000| Untracked |  0
|  38|0x0000000704c00000, 0x0000000704c00000, 0x0000000704e00000|  0%| F|  |TAMS 0x0000000704c00000| PB 0x0000000704c00000| Untracked |  0
|  39|0x0000000704e00000, 0x0000000704e00000, 0x0000000705000000|  0%| F|  |TAMS 0x0000000704e00000| PB 0x0000000704e00000| Untracked |  0
|  40|0x0000000705000000, 0x0000000705000000, 0x0000000705200000|  0%| F|  |TAMS 0x0000000705000000| PB 0x0000000705000000| Untracked |  0
|  41|0x0000000705200000, 0x0000000705200000, 0x0000000705400000|  0%| F|  |TAMS 0x0000000705200000| PB 0x0000000705200000| Untracked |  0
|  42|0x0000000705400000, 0x0000000705400000, 0x0000000705600000|  0%| F|  |TAMS 0x0000000705400000| PB 0x0000000705400000| Untracked |  0
|  43|0x0000000705600000, 0x0000000705600000, 0x0000000705800000|  0%| F|  |TAMS 0x0000000705600000| PB 0x0000000705600000| Untracked |  0
|  44|0x0000000705800000, 0x0000000705800000, 0x0000000705a00000|  0%| F|  |TAMS 0x0000000705800000| PB 0x0000000705800000| Untracked |  0
|  45|0x0000000705a00000, 0x0000000705a00000, 0x0000000705c00000|  0%| F|  |TAMS 0x0000000705a00000| PB 0x0000000705a00000| Untracked |  0
|  46|0x0000000705c00000, 0x0000000705c00000, 0x0000000705e00000|  0%| F|  |TAMS 0x0000000705c00000| PB 0x0000000705c00000| Untracked |  0
|  47|0x0000000705e00000, 0x0000000705e00000, 0x0000000706000000|  0%| F|  |TAMS 0x0000000705e00000| PB 0x0000000705e00000| Untracked |  0
|  48|0x0000000706000000, 0x0000000706000000, 0x0000000706200000|  0%| F|  |TAMS 0x0000000706000000| PB 0x0000000706000000| Untracked |  0
|  49|0x0000000706200000, 0x0000000706200000, 0x0000000706400000|  0%| F|  |TAMS 0x0000000706200000| PB 0x0000000706200000| Untracked |  0
|  50|0x0000000706400000, 0x0000000706400000, 0x0000000706600000|  0%| F|  |TAMS 0x0000000706400000| PB 0x0000000706400000| Untracked |  0
|  51|0x0000000706600000, 0x0000000706600000, 0x0000000706800000|  0%| F|  |TAMS 0x0000000706600000| PB 0x0000000706600000| Untracked |  0
|  52|0x0000000706800000, 0x0000000706800000, 0x0000000706a00000|  0%| F|  |TAMS 0x0000000706800000| PB 0x0000000706800000| Untracked |  0
|  53|0x0000000706a00000, 0x0000000706a00000, 0x0000000706c00000|  0%| F|  |TAMS 0x0000000706a00000| PB 0x0000000706a00000| Untracked |  0
|  54|0x0000000706c00000, 0x0000000706c00000, 0x0000000706e00000|  0%| F|  |TAMS 0x0000000706c00000| PB 0x0000000706c00000| Untracked |  0
|  55|0x0000000706e00000, 0x0000000706e00000, 0x0000000707000000|  0%| F|  |TAMS 0x0000000706e00000| PB 0x0000000706e00000| Untracked |  0
|  56|0x0000000707000000, 0x0000000707000000, 0x0000000707200000|  0%| F|  |TAMS 0x0000000707000000| PB 0x0000000707000000| Untracked |  0
|  57|0x0000000707200000, 0x0000000707200000, 0x0000000707400000|  0%| F|  |TAMS 0x0000000707200000| PB 0x0000000707200000| Untracked |  0
|  58|0x0000000707400000, 0x0000000707400000, 0x0000000707600000|  0%| F|  |TAMS 0x0000000707400000| PB 0x0000000707400000| Untracked |  0
|  59|0x0000000707600000, 0x0000000707600000, 0x0000000707800000|  0%| F|  |TAMS 0x0000000707600000| PB 0x0000000707600000| Untracked |  0
|  60|0x0000000707800000, 0x0000000707800000, 0x0000000707a00000|  0%| F|  |TAMS 0x0000000707800000| PB 0x0000000707800000| Untracked |  0
|  61|0x0000000707a00000, 0x0000000707a00000, 0x0000000707c00000|  0%| F|  |TAMS 0x0000000707a00000| PB 0x0000000707a00000| Untracked |  0
|  62|0x0000000707c00000, 0x0000000707c00000, 0x0000000707e00000|  0%| F|  |TAMS 0x0000000707c00000| PB 0x0000000707c00000| Untracked |  0
|  63|0x0000000707e00000, 0x0000000707e00000, 0x0000000708000000|  0%| F|  |TAMS 0x0000000707e00000| PB 0x0000000707e00000| Untracked |  0
|  64|0x0000000708000000, 0x0000000708000000, 0x0000000708200000|  0%| F|  |TAMS 0x0000000708000000| PB 0x0000000708000000| Untracked |  0
|  65|0x0000000708200000, 0x0000000708200000, 0x0000000708400000|  0%| F|  |TAMS 0x0000000708200000| PB 0x0000000708200000| Untracked |  0
|  66|0x0000000708400000, 0x0000000708400000, 0x0000000708600000|  0%| F|  |TAMS 0x0000000708400000| PB 0x0000000708400000| Untracked |  0
|  67|0x0000000708600000, 0x0000000708600000, 0x0000000708800000|  0%| F|  |TAMS 0x0000000708600000| PB 0x0000000708600000| Untracked |  0
|  68|0x0000000708800000, 0x0000000708800000, 0x0000000708a00000|  0%| F|  |TAMS 0x0000000708800000| PB 0x0000000708800000| Untracked |  0
|  69|0x0000000708a00000, 0x0000000708a00000, 0x0000000708c00000|  0%| F|  |TAMS 0x0000000708a00000| PB 0x0000000708a00000| Untracked |  0
|  70|0x0000000708c00000, 0x0000000708c00000, 0x0000000708e00000|  0%| F|  |TAMS 0x0000000708c00000| PB 0x0000000708c00000| Untracked |  0
|  71|0x0000000708e00000, 0x0000000708e00000, 0x0000000709000000|  0%| F|  |TAMS 0x0000000708e00000| PB 0x0000000708e00000| Untracked |  0
|  72|0x0000000709000000, 0x0000000709000000, 0x0000000709200000|  0%| F|  |TAMS 0x0000000709000000| PB 0x0000000709000000| Untracked |  0
|  73|0x0000000709200000, 0x0000000709200000, 0x0000000709400000|  0%| F|  |TAMS 0x0000000709200000| PB 0x0000000709200000| Untracked |  0
|  74|0x0000000709400000, 0x0000000709400000, 0x0000000709600000|  0%| F|  |TAMS 0x0000000709400000| PB 0x0000000709400000| Untracked |  0
|  75|0x0000000709600000, 0x0000000709600000, 0x0000000709800000|  0%| F|  |TAMS 0x0000000709600000| PB 0x0000000709600000| Untracked |  0
|  76|0x0000000709800000, 0x0000000709800000, 0x0000000709a00000|  0%| F|  |TAMS 0x0000000709800000| PB 0x0000000709800000| Untracked |  0
|  77|0x0000000709a00000, 0x0000000709a00000, 0x0000000709c00000|  0%| F|  |TAMS 0x0000000709a00000| PB 0x0000000709a00000| Untracked |  0
|  78|0x0000000709c00000, 0x0000000709c00000, 0x0000000709e00000|  0%| F|  |TAMS 0x0000000709c00000| PB 0x0000000709c00000| Untracked |  0
|  79|0x0000000709e00000, 0x0000000709e00000, 0x000000070a000000|  0%| F|  |TAMS 0x0000000709e00000| PB 0x0000000709e00000| Untracked |  0
|  80|0x000000070a000000, 0x000000070a000000, 0x000000070a200000|  0%| F|  |TAMS 0x000000070a000000| PB 0x000000070a000000| Untracked |  0
|  81|0x000000070a200000, 0x000000070a200000, 0x000000070a400000|  0%| F|  |TAMS 0x000000070a200000| PB 0x000000070a200000| Untracked |  0
|  82|0x000000070a400000, 0x000000070a400000, 0x000000070a600000|  0%| F|  |TAMS 0x000000070a400000| PB 0x000000070a400000| Untracked |  0
|  83|0x000000070a600000, 0x000000070a600000, 0x000000070a800000|  0%| F|  |TAMS 0x000000070a600000| PB 0x000000070a600000| Untracked |  0
|  84|0x000000070a800000, 0x000000070a800000, 0x000000070aa00000|  0%| F|  |TAMS 0x000000070a800000| PB 0x000000070a800000| Untracked |  0
|  85|0x000000070aa00000, 0x000000070aa00000, 0x000000070ac00000|  0%| F|  |TAMS 0x000000070aa00000| PB 0x000000070aa00000| Untracked |  0
|  86|0x000000070ac00000, 0x000000070ac00000, 0x000000070ae00000|  0%| F|  |TAMS 0x000000070ac00000| PB 0x000000070ac00000| Untracked |  0
|  87|0x000000070ae00000, 0x000000070ae00000, 0x000000070b000000|  0%| F|  |TAMS 0x000000070ae00000| PB 0x000000070ae00000| Untracked |  0
|  88|0x000000070b000000, 0x000000070b000000, 0x000000070b200000|  0%| F|  |TAMS 0x000000070b000000| PB 0x000000070b000000| Untracked |  0
|  89|0x000000070b200000, 0x000000070b200000, 0x000000070b400000|  0%| F|  |TAMS 0x000000070b200000| PB 0x000000070b200000| Untracked |  0
|  90|0x000000070b400000, 0x000000070b400000, 0x000000070b600000|  0%| F|  |TAMS 0x000000070b400000| PB 0x000000070b400000| Untracked |  0
|  91|0x000000070b600000, 0x000000070b600000, 0x000000070b800000|  0%| F|  |TAMS 0x000000070b600000| PB 0x000000070b600000| Untracked |  0
|  92|0x000000070b800000, 0x000000070b800000, 0x000000070ba00000|  0%| F|  |TAMS 0x000000070b800000| PB 0x000000070b800000| Untracked |  0
|  93|0x000000070ba00000, 0x000000070ba00000, 0x000000070bc00000|  0%| F|  |TAMS 0x000000070ba00000| PB 0x000000070ba00000| Untracked |  0
|  94|0x000000070bc00000, 0x000000070bc00000, 0x000000070be00000|  0%| F|  |TAMS 0x000000070bc00000| PB 0x000000070bc00000| Untracked |  0
|  95|0x000000070be00000, 0x000000070be00000, 0x000000070c000000|  0%| F|  |TAMS 0x000000070be00000| PB 0x000000070be00000| Untracked |  0
|  96|0x000000070c000000, 0x000000070c000000, 0x000000070c200000|  0%| F|  |TAMS 0x000000070c000000| PB 0x000000070c000000| Untracked |  0
|  97|0x000000070c200000, 0x000000070c200000, 0x000000070c400000|  0%| F|  |TAMS 0x000000070c200000| PB 0x000000070c200000| Untracked |  0
|  98|0x000000070c400000, 0x000000070c400000, 0x000000070c600000|  0%| F|  |TAMS 0x000000070c400000| PB 0x000000070c400000| Untracked |  0
|  99|0x000000070c600000, 0x000000070c600000, 0x000000070c800000|  0%| F|  |TAMS 0x000000070c600000| PB 0x000000070c600000| Untracked |  0
| 100|0x000000070c800000, 0x000000070c800000, 0x000000070ca00000|  0%| F|  |TAMS 0x000000070c800000| PB 0x000000070c800000| Untracked |  0
| 101|0x000000070ca00000, 0x000000070ca00000, 0x000000070cc00000|  0%| F|  |TAMS 0x000000070ca00000| PB 0x000000070ca00000| Untracked |  0
| 102|0x000000070cc00000, 0x000000070cc00000, 0x000000070ce00000|  0%| F|  |TAMS 0x000000070cc00000| PB 0x000000070cc00000| Untracked |  0
| 103|0x000000070ce00000, 0x000000070ce00000, 0x000000070d000000|  0%| F|  |TAMS 0x000000070ce00000| PB 0x000000070ce00000| Untracked |  0
| 104|0x000000070d000000, 0x000000070d000000, 0x000000070d200000|  0%| F|  |TAMS 0x000000070d000000| PB 0x000000070d000000| Untracked |  0
| 105|0x000000070d200000, 0x000000070d200000, 0x000000070d400000|  0%| F|  |TAMS 0x000000070d200000| PB 0x000000070d200000| Untracked |  0
| 106|0x000000070d400000, 0x000000070d400000, 0x000000070d600000|  0%| F|  |TAMS 0x000000070d400000| PB 0x000000070d400000| Untracked |  0
| 107|0x000000070d600000, 0x000000070d600000, 0x000000070d800000|  0%| F|  |TAMS 0x000000070d600000| PB 0x000000070d600000| Untracked |  0
| 108|0x000000070d800000, 0x000000070d800000, 0x000000070da00000|  0%| F|  |TAMS 0x000000070d800000| PB 0x000000070d800000| Untracked |  0
| 109|0x000000070da00000, 0x000000070da00000, 0x000000070dc00000|  0%| F|  |TAMS 0x000000070da00000| PB 0x000000070da00000| Untracked |  0
| 110|0x000000070dc00000, 0x000000070dcf5c40, 0x000000070de00000| 48%| E|  |TAMS 0x000000070dc00000| PB 0x000000070dc00000| Complete |  0
| 111|0x000000070de00000, 0x000000070e000000, 0x000000070e000000|100%| E|CS|TAMS 0x000000070de00000| PB 0x000000070de00000| Complete |  0
| 112|0x000000070e000000, 0x000000070e200000, 0x000000070e200000|100%| E|  |TAMS 0x000000070e000000| PB 0x000000070e000000| Complete |  0
| 113|0x000000070e200000, 0x000000070e400000, 0x000000070e400000|100%| E|CS|TAMS 0x000000070e200000| PB 0x000000070e200000| Complete |  0
| 114|0x000000070e400000, 0x000000070e600000, 0x000000070e600000|100%| E|CS|TAMS 0x000000070e400000| PB 0x000000070e400000| Complete |  0
| 115|0x000000070e600000, 0x000000070e800000, 0x000000070e800000|100%| E|CS|TAMS 0x000000070e600000| PB 0x000000070e600000| Complete |  0
| 116|0x000000070e800000, 0x000000070ea00000, 0x000000070ea00000|100%| E|CS|TAMS 0x000000070e800000| PB 0x000000070e800000| Complete |  0
| 117|0x000000070ea00000, 0x000000070ec00000, 0x000000070ec00000|100%| E|CS|TAMS 0x000000070ea00000| PB 0x000000070ea00000| Complete |  0
| 118|0x000000070ec00000, 0x000000070ee00000, 0x000000070ee00000|100%| E|CS|TAMS 0x000000070ec00000| PB 0x000000070ec00000| Complete |  0
| 119|0x000000070ee00000, 0x000000070f000000, 0x000000070f000000|100%| E|CS|TAMS 0x000000070ee00000| PB 0x000000070ee00000| Complete |  0
| 120|0x000000070f000000, 0x000000070f200000, 0x000000070f200000|100%| E|CS|TAMS 0x000000070f000000| PB 0x000000070f000000| Complete |  0
| 121|0x000000070f200000, 0x000000070f400000, 0x000000070f400000|100%| E|CS|TAMS 0x000000070f200000| PB 0x000000070f200000| Complete |  0
| 122|0x000000070f400000, 0x000000070f600000, 0x000000070f600000|100%| E|CS|TAMS 0x000000070f400000| PB 0x000000070f400000| Complete |  0
| 123|0x000000070f600000, 0x000000070f800000, 0x000000070f800000|100%| E|CS|TAMS 0x000000070f600000| PB 0x000000070f600000| Complete |  0
| 124|0x000000070f800000, 0x000000070fa00000, 0x000000070fa00000|100%| E|CS|TAMS 0x000000070f800000| PB 0x000000070f800000| Complete |  0
| 125|0x000000070fa00000, 0x000000070fc00000, 0x000000070fc00000|100%| E|CS|TAMS 0x000000070fa00000| PB 0x000000070fa00000| Complete |  0
| 126|0x000000070fc00000, 0x000000070fe00000, 0x000000070fe00000|100%| E|CS|TAMS 0x000000070fc00000| PB 0x000000070fc00000| Complete |  0
| 127|0x000000070fe00000, 0x0000000710000000, 0x0000000710000000|100%| E|CS|TAMS 0x000000070fe00000| PB 0x000000070fe00000| Complete |  0
|2047|0x00000007ffe00000, 0x00000007fff1f848, 0x0000000800000000| 56%| O|  |TAMS 0x00000007ffe00000| PB 0x00000007ffe00000| Untracked |  0

Card table byte_map: [0x000000011f2c8000,0x000000011fac8000] _byte_map_base: 0x000000011bac8000

Marking Bits: (CMBitMap*) 0x0000000100f84c30
 Bits: [0x000000011fac8000, 0x0000000123ac8000)

Polling page: 0x00000001007e8000

Metaspace:
Metaspace        used 11633K, committed 11840K, reserved 1114112K
 class space     used 1016K, committed 1088K, reserved 1048576K

Usage:
  Non-class:     10.37 MB used.
      Class:   1016.37 KB used.
       Both:     11.36 MB used.

Virtual space:
  Non-class space:       64.00 MB reserved,      10.50 MB ( 16%) committed,  1 nodes.
      Class space:        1.00 GB reserved,       1.06 MB ( <1%) committed,  1 nodes.
             Both:        1.06 GB reserved,      11.56 MB (  1%) committed. 

Chunk freelists:
   Non-Class:  4.20 MB
       Class:  14.94 MB
        Both:  19.14 MB

MaxMetaspaceSize: unlimited
CompressedClassSpaceSize: 1.00 GB
Initial GC threshold: 21.00 MB
Current GC threshold: 21.00 MB
CDS: on
 - commit_granule_bytes: 65536.
 - commit_granule_words: 8192.
 - virtual_space_node_default_size: 8388608.
 - enlarge_chunks_in_place: 1.
UseCompressedClassPointers 1, UseCompactObjectHeaders 0
Narrow klass pointer bits 32, Max shift 3
Narrow klass base: 0x000001c000000000, Narrow klass shift: 0
Encoding Range: [0x000001c000000000 - 0x000001c100000000), (4294967296 bytes)
Klass Range:    [0x000001c000004000 - 0x000001c041000000), (1090502656 bytes)
Klass ID Range:  [16384 - 1090519033) (1090502649)
Protection zone: [0x000001c000000000 - 0x000001c000004000), (16384 bytes)


Internal statistics:

num_allocs_failed_limit: 0.
num_arena_births: 118.
num_arena_deaths: 0.
num_vsnodes_births: 2.
num_vsnodes_deaths: 0.
num_space_committed: 184.
num_space_uncommitted: 0.
num_chunks_returned_to_freelist: 0.
num_chunks_taken_from_freelist: 473.
num_chunk_merges: 0.
num_chunk_splits: 358.
num_chunks_enlarged: 289.
num_inconsistent_stats: 0.

CodeHeap 'non-profiled nmethods': size=120032Kb used=400Kb max_used=400Kb free=119631Kb
 bounds [0x0000000117d90000, 0x0000000118000000, 0x000000011f2c8000]
CodeHeap 'profiled nmethods': size=120032Kb used=2576Kb max_used=2576Kb free=117455Kb
 bounds [0x00000001102c4000, 0x0000000110554000, 0x00000001177fc000]
CodeHeap 'non-nmethods': size=5712Kb used=1936Kb max_used=1986Kb free=3775Kb
 bounds [0x00000001177fc000, 0x0000000117a6c000, 0x0000000117d90000]
CodeCache: size=245776Kb, used=4912Kb, max_used=4962Kb, free=240861Kb
 total_blobs=3104, nmethods=1858, adapters=1155, full_count=0
Compilation: enabled, stopped_count=0, restarted_count=0

Compilation events (20 events):
Event: 16.298 Thread 0x0000000b9b0aa800 nmethod 1876 0x00000001105460c8 code [0x00000001105461c0, 0x00000001105463c8]
Event: 16.298 Thread 0x0000000b9b0aa800 1877       3       com.badlogic.gdx.graphics.Texture::getHeight (10 bytes)
Event: 16.298 Thread 0x0000000b9b0aa800 nmethod 1877 0x0000000110546408 code [0x0000000110546500, 0x0000000110546708]
Event: 16.298 Thread 0x0000000b9b0aa800 1878       3       com.badlogic.gdx.graphics.g2d.BitmapFont$BitmapFontData::setGlyphRegion (402 bytes)
Event: 16.298 Thread 0x0000000b9b0a9e00 nmethod 1867 0x0000000117df2748 code [0x0000000117df2840, 0x0000000117df2bd0]
Event: 16.298 Thread 0x0000000b9b0a9e00 1869       4       java.util.StringTokenizer::skipDelimiters (116 bytes)
Event: 16.298 Thread 0x0000000b9b0aa800 nmethod 1878 0x0000000110546748 code [0x0000000110546840, 0x00000001105473f0]
Event: 16.298 Thread 0x0000000b9b0aa800 1879       3       java.io.FileDescriptor::<init> (17 bytes)
Event: 16.298 Thread 0x0000000b9b0aa800 nmethod 1879 0x0000000110547408 code [0x0000000110547500, 0x0000000110547690]
Event: 16.298 Thread 0x0000000b9b0aa800 1880       3       java.io.FileDescriptor::valid (25 bytes)
Event: 16.298 Thread 0x0000000b9b0aa800 nmethod 1880 0x00000001105476c8 code [0x00000001105477c0, 0x0000000110547968]
Event: 16.299 Thread 0x0000000b9b0a9e00 nmethod 1869 0x0000000117df2e88 code [0x0000000117df2f80, 0x0000000117df3330]
Event: 16.299 Thread 0x0000000b9b0a9e00 1871       4       java.util.StringTokenizer::nextToken (92 bytes)
Event: 16.300 Thread 0x0000000b9b0aa800 1882       3       java.util.concurrent.ConcurrentHashMap$BaseIterator::<init> (21 bytes)
Event: 16.300 Thread 0x0000000b9b0aa800 nmethod 1882 0x0000000110547988 code [0x0000000110547a80, 0x0000000110547d28]
Event: 16.300 Thread 0x0000000b9b0aa800 1883       3       java.util.concurrent.ConcurrentHashMap$Traverser::<init> (36 bytes)
Event: 16.300 Thread 0x0000000b9b0aa800 nmethod 1883 0x0000000110547d48 code [0x0000000110547e40, 0x0000000110548040]
Event: 16.304 Thread 0x0000000b9b0a9e00 nmethod 1871 0x0000000117df3348 code [0x0000000117df3440, 0x0000000117df4010]
Event: 16.304 Thread 0x0000000b9b0a9e00 1874       4       java.lang.CharacterData::of (136 bytes)
Event: 16.304 Thread 0x0000000b9b0a9e00 nmethod 1874 0x0000000117df4048 code [0x0000000117df4140, 0x0000000117df41f0]

GC Heap Usage History (0 events):
No events

Metaspace Usage History (0 events):
No events

Dll operation events (8 events):
Event: 0.003 Loaded shared library /Users/liza/.gradle/jdks/eclipse_adoptium-25-aarch64-os_x.2/jdk-25.0.3+9/Contents/Home/lib/libjava.dylib
Event: 0.016 Loaded shared library /Users/liza/.gradle/jdks/eclipse_adoptium-25-aarch64-os_x.2/jdk-25.0.3+9/Contents/Home/lib/libnio.dylib
Event: 0.018 Loaded shared library /Users/liza/.gradle/jdks/eclipse_adoptium-25-aarch64-os_x.2/jdk-25.0.3+9/Contents/Home/lib/libzip.dylib
Event: 0.041 Loaded shared library /Users/liza/.gradle/jdks/eclipse_adoptium-25-aarch64-os_x.2/jdk-25.0.3+9/Contents/Home/lib/libjimage.dylib
Event: 0.045 Loaded shared library /private/var/folders/7k/8cjmdq6x6kl0rpx4w6sptr6h0000gn/T/libgdxliza/87d7cf2b/libgdxarm64.dylib
Event: 0.061 Loaded shared library /Users/liza/.gradle/jdks/eclipse_adoptium-25-aarch64-os_x.2/jdk-25.0.3+9/Contents/Home/lib/libnet.dylib
Event: 0.066 Loaded shared library /private/var/folders/7k/8cjmdq6x6kl0rpx4w6sptr6h0000gn/T/lwjgl_liza/3.3.6+1/arm64/liblwjgl.dylib
Event: 0.485 Loaded shared library /private/var/folders/7k/8cjmdq6x6kl0rpx4w6sptr6h0000gn/T/lwjgl_liza/3.3.6+1/arm64/liblwjgl_opengl.dylib

Deoptimization events (20 events):
Event: 0.644 Thread 0x0000000100f792d0 Uncommon trap: trap_request=0xffffff45 fr.pc=0x0000000117dc3f10 relative=0x0000000000000a90
Event: 0.644 Thread 0x0000000100f792d0 Uncommon trap: reason=unstable_if action=reinterpret pc=0x0000000117dc3f10 method=java.util.concurrent.ConcurrentHashMap.putVal(Ljava/lang/Object;Ljava/lang/Object;Z)Ljava/lang/Object; @ 256 c2
Event: 0.644 Thread 0x0000000100f792d0 DEOPT PACKING pc=0x0000000117dc3f10 sp=0x000000016f639790
Event: 0.644 Thread 0x0000000100f792d0 DEOPT UNPACKING pc=0x000000011790ef9c sp=0x000000016f639690 mode 2
Event: 0.644 Thread 0x0000000100f792d0 Uncommon trap: trap_request=0xffffff45 fr.pc=0x0000000117dd4000 relative=0x0000000000000080
Event: 0.644 Thread 0x0000000100f792d0 Uncommon trap: reason=unstable_if action=reinterpret pc=0x0000000117dd4000 method=java.util.Objects.equals(Ljava/lang/Object;Ljava/lang/Object;)Z @ 6 c2
Event: 0.644 Thread 0x0000000100f792d0 DEOPT PACKING pc=0x0000000117dd4000 sp=0x000000016f639cb0
Event: 0.644 Thread 0x0000000100f792d0 DEOPT UNPACKING pc=0x000000011790ef9c sp=0x000000016f639c50 mode 2
Event: 1.267 Thread 0x0000000100f792d0 DEOPT PACKING pc=0x00000001104eecec sp=0x000000016f63a3f0
Event: 1.267 Thread 0x0000000100f792d0 DEOPT UNPACKING pc=0x00000001178390bc sp=0x000000016f63a0f0 mode 0
Event: 1.284 Thread 0x0000000100f792d0 DEOPT PACKING pc=0x00000001104eecec sp=0x000000016f63a3f0
Event: 1.284 Thread 0x0000000100f792d0 DEOPT UNPACKING pc=0x00000001178390bc sp=0x000000016f63a0f0 mode 0
Event: 16.294 Thread 0x0000000100f792d0 Uncommon trap: trap_request=0xffffff45 fr.pc=0x0000000117de34b4 relative=0x0000000000000134
Event: 16.294 Thread 0x0000000100f792d0 Uncommon trap: reason=unstable_if action=reinterpret pc=0x0000000117de34b4 method=com.badlogic.gdx.utils.Array.add(Ljava/lang/Object;)V @ 11 c2
Event: 16.294 Thread 0x0000000100f792d0 DEOPT PACKING pc=0x0000000117de34b4 sp=0x000000016f639cd0
Event: 16.294 Thread 0x0000000100f792d0 DEOPT UNPACKING pc=0x000000011790ef9c sp=0x000000016f639c50 mode 2
Event: 16.296 Thread 0x0000000100f792d0 Uncommon trap: trap_request=0xffffff45 fr.pc=0x0000000117de84d8 relative=0x0000000000000398
Event: 16.296 Thread 0x0000000100f792d0 Uncommon trap: reason=unstable_if action=reinterpret pc=0x0000000117de84d8 method=com.badlogic.gdx.utils.ObjectIntMap.locateKey(Ljava/lang/Object;)I @ 32 c2
Event: 16.296 Thread 0x0000000100f792d0 DEOPT PACKING pc=0x0000000117de84d8 sp=0x000000016f639c70
Event: 16.296 Thread 0x0000000100f792d0 DEOPT UNPACKING pc=0x000000011790ef9c sp=0x000000016f639c10 mode 2

Classes loaded (20 events):
Event: 0.658 Loading class java/nio/charset/CharsetDecoder done
Event: 0.658 Loading class sun/nio/cs/UTF_8$Decoder done
Event: 16.277 Loading class jdk/internal/logger/LazyLoggers
Event: 16.277 Loading class jdk/internal/logger/LazyLoggers done
Event: 16.277 Loading class jdk/internal/logger/LazyLoggers$1
Event: 16.277 Loading class jdk/internal/logger/LazyLoggers$1 done
Event: 16.277 Loading class jdk/internal/logger/LazyLoggers$LazyLoggerFactories
Event: 16.277 Loading class jdk/internal/logger/LazyLoggers$LazyLoggerFactories done
Event: 16.277 Loading class jdk/internal/logger/LoggerFinderLoader
Event: 16.277 Loading class jdk/internal/logger/LoggerFinderLoader done
Event: 16.277 Loading class jdk/internal/logger/LoggerFinderLoader$TemporaryLoggerFinder
Event: 16.277 Loading class jdk/internal/logger/LoggerFinderLoader$TemporaryLoggerFinder done
Event: 16.278 Loading class java/util/stream/Streams
Event: 16.278 Loading class java/util/stream/Streams done
Event: 16.279 Loading class sun/util/logging/internal/LoggingProviderImpl$JULWrapper
Event: 16.279 Loading class sun/util/logging/PlatformLogger$ConfigurableBridge$LoggerConfiguration
Event: 16.279 Loading class sun/util/logging/PlatformLogger$ConfigurableBridge$LoggerConfiguration done
Event: 16.279 Loading class sun/util/logging/internal/LoggingProviderImpl$JULWrapper done
Event: 16.279 Loading class java/nio/file/AtomicMoveNotSupportedException
Event: 16.279 Loading class java/nio/file/AtomicMoveNotSupportedException done

Classes unloaded (0 events):
No events

Classes redefined (0 events):
No events

Internal exceptions (20 events):
Event: 0.058 Thread 0x0000000100f792d0 Exception <a 'java/lang/NoSuchMethodError'{0x000000070fb1a6b0}: 'void java.lang.System.loadLibrary(java.lang.String, java.lang.Class)'> (0x000000070fb1a6b0) 
thrown [src/hotspot/share/interpreter/linkResolver.cpp, line 804]
Event: 0.081 Thread 0x0000000100f792d0 Exception <a 'java/lang/NoSuchMethodError'{0x000000070f8284b8}: 'int java.lang.invoke.DirectMethodHandle$Holder.invokeStaticInit(java.lang.Object, java.lang.Object, int, long)'> (0x000000070f8284b8) 
thrown [src/hotspot/share/interpreter/linkResolver.cpp, line 804]
Event: 0.081 Thread 0x0000000100f792d0 Exception <a 'java/lang/NoSuchMethodError'{0x000000070f837870}: 'java.lang.Object java.lang.invoke.DirectMethodHandle$Holder.newInvokeSpecial(java.lang.Object, java.lang.Object, int)'> (0x000000070f837870) 
thrown [src/hotspot/share/interpreter/linkResolver.cpp, line 804]
Event: 0.085 Thread 0x0000000100f792d0 Exception <a 'java/lang/NoSuchMethodError'{0x000000070f885f08}: 'int java.lang.invoke.DirectMethodHandle$Holder.invokeStaticInit(java.lang.Object, java.lang.Object, long, long)'> (0x000000070f885f08) 
thrown [src/hotspot/share/interpreter/linkResolver.cpp, line 804]
Event: 0.085 Thread 0x0000000100f792d0 Exception <a 'java/lang/NoSuchMethodError'{0x000000070f895318}: 'java.lang.Object java.lang.invoke.DirectMethodHandle$Holder.newInvokeSpecial(java.lang.Object, java.lang.Object, long)'> (0x000000070f895318) 
thrown [src/hotspot/share/interpreter/linkResolver.cpp, line 804]
Event: 0.085 Thread 0x0000000100f792d0 Exception <a 'java/lang/NoSuchMethodError'{0x000000070f89e088}: 'java.lang.Object java.lang.invoke.Invokers$Holder.linkToTargetMethod(java.lang.Object, long, java.lang.Object)'> (0x000000070f89e088) 
thrown [src/hotspot/share/interpreter/linkResolver.cpp, line 804]
Event: 0.086 Thread 0x0000000100f792d0 Exception <a 'java/lang/NoSuchMethodError'{0x000000070f8ae700}: 'int java.lang.invoke.DirectMethodHandle$Holder.invokeStaticInit(java.lang.Object, java.lang.Object, java.lang.Object, long)'> (0x000000070f8ae700) 
thrown [src/hotspot/share/interpreter/linkResolver.cpp, line 804]
Event: 0.104 Thread 0x0000000100f792d0 Exception <a 'java/lang/NoSuchMethodError'{0x000000070f9a2298}: 'int java.lang.invoke.Invokers$Holder.invokeExact_MT(java.lang.Object, java.lang.Object)'> (0x000000070f9a2298) 
thrown [src/hotspot/share/interpreter/linkResolver.cpp, line 804]
Event: 0.416 Thread 0x0000000100f792d0 Exception <a 'java/lang/NoSuchMethodError'{0x000000070f6c9cc0}: 'java.lang.Object java.lang.invoke.DirectMethodHandle$Holder.newInvokeSpecial(java.lang.Object, long)'> (0x000000070f6c9cc0) 
thrown [src/hotspot/share/interpreter/linkResolver.cpp, line 804]
Event: 0.482 Thread 0x0000000100f792d0 Exception <a 'java/lang/NoSuchMethodError'{0x000000070f7ced50}: 'void java.lang.System.load(java.lang.String, java.lang.Class)'> (0x000000070f7ced50) 
thrown [src/hotspot/share/interpreter/linkResolver.cpp, line 804]
Event: 0.482 Thread 0x0000000100f792d0 Exception <a 'java/lang/NoSuchMethodError'{0x000000070f7d6b30}: 'void java.lang.System.loadLibrary(java.lang.String, java.lang.Class)'> (0x000000070f7d6b30) 
thrown [src/hotspot/share/interpreter/linkResolver.cpp, line 804]
Event: 0.535 Thread 0x0000000100f792d0 Exception <a 'java/lang/NoSuchMethodError'{0x000000070f5b8a10}: 'int java.lang.invoke.DirectMethodHandle$Holder.invokeStatic(java.lang.Object, java.lang.Object, java.lang.Object, java.lang.Object)'> (0x000000070f5b8a10) 
thrown [src/hotspot/share/interpreter/linkResolver.cpp, line 804]
Event: 0.537 Thread 0x0000000100f792d0 Exception <a 'java/lang/NoSuchMethodError'{0x000000070f5cacb0}: 'void java.lang.invoke.DirectMethodHandle$Holder.invokeInterface(java.lang.Object, java.lang.Object, java.lang.Object)'> (0x000000070f5cacb0) 
thrown [src/hotspot/share/interpreter/linkResolver.cpp, line 804]
Event: 0.618 Thread 0x0000000100f792d0 Exception <a 'java/lang/NoSuchMethodError'{0x000000070e7e8788}: 'void java.lang.invoke.DirectMethodHandle$Holder.invokeStatic(java.lang.Object, java.lang.Object, java.lang.Object, java.lang.Object)'> (0x000000070e7e8788) 
thrown [src/hotspot/share/interpreter/linkResolver.cpp, line 804]
Event: 0.629 Thread 0x0000000100f792d0 Exception <a 'java/lang/NoSuchMethodError'{0x000000070e4acc10}: 'int java.lang.invoke.DirectMethodHandle$Holder.invokeStaticInit(java.lang.Object, int, int, java.lang.Object)'> (0x000000070e4acc10) 
thrown [src/hotspot/share/interpreter/linkResolver.cpp, line 804]
Event: 0.630 Thread 0x0000000100f792d0 Exception <a 'java/lang/NoSuchMethodError'{0x000000070e4e6628}: 'java.lang.Object java.lang.invoke.DirectMethodHandle$Holder.invokeStaticInit(java.lang.Object, java.lang.Object, java.lang.Object, java.lang.Object)'> (0x000000070e4e6628) 
thrown [src/hotspot/share/interpreter/linkResolver.cpp, line 804]
Event: 0.640 Thread 0x0000000100f792d0 Exception <a 'java/lang/IncompatibleClassChangeError'{0x000000070e5e5480}: Found class java.lang.Object, but interface was expected> (0x000000070e5e5480) 
thrown [src/hotspot/share/interpreter/linkResolver.cpp, line 871]
Event: 0.640 Thread 0x0000000100f792d0 Exception <a 'java/lang/IncompatibleClassChangeError'{0x000000070e5ece40}: Found class java.lang.Object, but interface was expected> (0x000000070e5ece40) 
thrown [src/hotspot/share/interpreter/linkResolver.cpp, line 871]
Event: 0.664 Thread 0x0000000100f792d0 Exception <a 'java/lang/NoSuchMethodError'{0x000000070e0a3e80}: 'void java.lang.invoke.DirectMethodHandle$Holder.invokeInterface(java.lang.Object, java.lang.Object)'> (0x000000070e0a3e80) 
thrown [src/hotspot/share/interpreter/linkResolver.cpp, line 804]
Event: 16.296 Thread 0x0000000100f792d0 Implicit null exception at 0x0000000117de8270 to 0x0000000117de84cc

VM Operations (20 events):
Event: 0.019 Executing non-safepoint VM operation: HandshakeAllThreads (Deoptimize)
Event: 0.019 Executing non-safepoint VM operation: HandshakeAllThreads (Deoptimize) done
Event: 0.042 Executing non-safepoint VM operation: HandshakeAllThreads (Deoptimize)
Event: 0.042 Executing non-safepoint VM operation: HandshakeAllThreads (Deoptimize) done
Event: 0.050 Executing non-safepoint VM operation: HandshakeAllThreads (Deoptimize)
Event: 0.050 Executing non-safepoint VM operation: HandshakeAllThreads (Deoptimize) done
Event: 0.055 Executing non-safepoint VM operation: HandshakeAllThreads (Deoptimize)
Event: 0.055 Executing non-safepoint VM operation: HandshakeAllThreads (Deoptimize) done
Event: 0.535 Executing non-safepoint VM operation: HandshakeAllThreads (Deoptimize)
Event: 0.535 Executing non-safepoint VM operation: HandshakeAllThreads (Deoptimize) done
Event: 0.557 Executing non-safepoint VM operation: HandshakeAllThreads (Deoptimize)
Event: 0.557 Executing non-safepoint VM operation: HandshakeAllThreads (Deoptimize) done
Event: 0.562 Executing non-safepoint VM operation: HandshakeAllThreads (Deoptimize)
Event: 0.562 Executing non-safepoint VM operation: HandshakeAllThreads (Deoptimize) done
Event: 0.604 Executing non-safepoint VM operation: HandshakeAllThreads (Deoptimize)
Event: 0.604 Executing non-safepoint VM operation: HandshakeAllThreads (Deoptimize) done
Event: 0.660 Executing non-safepoint VM operation: HandshakeAllThreads (Deoptimize)
Event: 0.660 Executing non-safepoint VM operation: HandshakeAllThreads (Deoptimize) done
Event: 16.284 Executing non-safepoint VM operation: HandshakeAllThreads (Deoptimize)
Event: 16.284 Executing non-safepoint VM operation: HandshakeAllThreads (Deoptimize) done

Memory protections (16 events):
Event: 0.002 Protecting memory [0x000000016ee44000,0x000000016ee50000] with protection modes 0
Event: 0.005 Protecting memory [0x000001c000000000,0x000001c000004000] with protection modes 0
Event: 0.010 Protecting memory [0x000000017063c000,0x0000000170648000] with protection modes 0
Event: 0.010 Protecting memory [0x0000000170848000,0x0000000170854000] with protection modes 0
Event: 0.010 Protecting memory [0x0000000170a54000,0x0000000170a60000] with protection modes 0
Event: 0.010 Protecting memory [0x0000000170c60000,0x0000000170c6c000] with protection modes 0
Event: 0.010 Protecting memory [0x0000000170e6c000,0x0000000170e78000] with protection modes 0
Event: 0.010 Protecting memory [0x0000000171078000,0x0000000171084000] with protection modes 0
Event: 0.010 Protecting memory [0x0000000171284000,0x0000000171290000] with protection modes 0
Event: 0.014 Protecting memory [0x0000000171490000,0x000000017149c000] with protection modes 0
Event: 0.015 Protecting memory [0x000000017169c000,0x00000001716a8000] with protection modes 0
Event: 0.096 Protecting memory [0x00000001718a8000,0x00000001718b4000] with protection modes 0
Event: 0.384 Protecting memory [0x00000001718a8000,0x00000001718b4000] with protection modes 3
Event: 0.420 Protecting memory [0x0000000171dfc000,0x0000000171e08000] with protection modes 0
Event: 0.562 Protecting memory [0x0000000172008000,0x0000000172014000] with protection modes 0
Event: 0.868 Protecting memory [0x0000000172008000,0x0000000172014000] with protection modes 3

Nmethod flushes (0 events):
No events

Events (15 events):
Event: 0.005 Thread 0x0000000100f792d0 Thread added: 0x0000000100f792d0
Event: 0.010 Thread 0x0000000100f792d0 Thread added: 0x0000000100f94ff0
Event: 0.010 Thread 0x0000000100f792d0 Thread added: 0x0000000b9b160000
Event: 0.010 Thread 0x0000000100f792d0 Thread added: 0x0000000b9b160800
Event: 0.010 Thread 0x0000000100f792d0 Thread added: 0x0000000b9b161000
Event: 0.010 Thread 0x0000000100f792d0 Thread added: 0x0000000b9b161800
Event: 0.010 Thread 0x0000000100f792d0 Thread added: 0x0000000b9b0a9e00
Event: 0.010 Thread 0x0000000100f792d0 Thread added: 0x0000000b9b0aa800
Event: 0.014 Thread 0x0000000100f792d0 Thread added: 0x0000000b9b162000
Event: 0.015 Thread 0x0000000100f792d0 Thread added: 0x0000000b9b162800
Event: 0.096 Thread 0x0000000b9b0aa800 Thread added: 0x0000000b9b189e00
Event: 0.384 Thread 0x0000000b9b189e00 Thread exited: 0x0000000b9b189e00
Event: 0.420 Thread 0x0000000100f792d0 Thread added: 0x0000000b9bb70000
Event: 0.562 Thread 0x0000000b9b0aa800 Thread added: 0x0000000b9b828000
Event: 0.868 Thread 0x0000000b9b828000 Thread exited: 0x0000000b9b828000


Dynamic libraries:
0x0000000100800000 	/Users/liza/.gradle/jdks/eclipse_adoptium-25-aarch64-os_x.2/jdk-25.0.3+9/Contents/Home/lib/libjli.dylib
0x00000001a2356000 	/System/Library/Frameworks/ApplicationServices.framework/Versions/A/ApplicationServices
0x000000018c50c000 	/System/Library/Frameworks/CoreGraphics.framework/Versions/A/CoreGraphics
0x0000000188690000 	/System/Library/Frameworks/CoreText.framework/Versions/A/CoreText
0x00000001928a7000 	/System/Library/Frameworks/ImageIO.framework/Versions/A/ImageIO
0x000000018cc62000 	/System/Library/Frameworks/ColorSync.framework/Versions/A/ColorSync
0x0000000199775000 	/System/Library/Frameworks/ApplicationServices.framework/Versions/A/Frameworks/ATS.framework/Versions/A/ATS
0x000000019dc89000 	/System/Library/Frameworks/CoreServices.framework/Versions/A/CoreServices
0x000000018ce0a000 	/System/Library/Frameworks/ApplicationServices.framework/Versions/A/Frameworks/HIServices.framework/Versions/A/HIServices
0x0000000197e46000 	/System/Library/Frameworks/ApplicationServices.framework/Versions/A/Frameworks/PrintCore.framework/Versions/A/PrintCore
0x0000000199b27000 	/System/Library/Frameworks/ApplicationServices.framework/Versions/A/Frameworks/QD.framework/Versions/A/QD
0x0000000199b22000 	/System/Library/Frameworks/ApplicationServices.framework/Versions/A/Frameworks/ColorSyncLegacy.framework/Versions/A/ColorSyncLegacy
0x0000000199747000 	/System/Library/Frameworks/ApplicationServices.framework/Versions/A/Frameworks/SpeechSynthesis.framework/Versions/A/SpeechSynthesis
0x00000001955bc000 	/usr/lib/libSystem.B.dylib
0x000000018bf55000 	/System/Library/PrivateFrameworks/SkyLight.framework/Versions/A/SkyLight
0x000000018d64c000 	/System/Library/PrivateFrameworks/ProtocolBuffer.framework/Versions/A/ProtocolBuffer
0x00000001955c0000 	/System/Library/PrivateFrameworks/SoftLinking.framework/Versions/A/SoftLinking
0x000000018946e000 	/usr/lib/libicucore.A.dylib
0x000000018f2fe000 	/System/Library/PrivateFrameworks/CoreAnalytics.framework/Versions/A/CoreAnalytics
0x0000000192282000 	/System/Library/PrivateFrameworks/FontServices.framework/libFontParser.dylib
0x000000019df08000 	/System/Library/Frameworks/Accelerate.framework/Versions/A/Accelerate
0x0000000191db4000 	/System/Library/Frameworks/IOSurface.framework/Versions/A/IOSurface
0x0000000190042000 	/usr/lib/libxml2.2.dylib
0x000000018bac6000 	/System/Library/Frameworks/CFNetwork.framework/Versions/A/CFNetwork
0x00000001857ad000 	/System/Library/Frameworks/CoreFoundation.framework/Versions/A/CoreFoundation
0x000000018701a000 	/System/Library/Frameworks/Foundation.framework/Versions/C/Foundation
0x0000000195506000 	/usr/lib/libz.1.dylib
0x0000000185308000 	/usr/lib/libobjc.A.dylib
0x000000018567d000 	/usr/lib/libc++.1.dylib
0x000000018904f000 	/System/Library/Frameworks/Security.framework/Versions/A/Security
0x000000023e07d000 	/System/Library/PrivateFrameworks/CollectionsInternal.framework/Versions/A/CollectionsInternal
0x0000000198e2c000 	/usr/lib/swift/libswiftCore.dylib
0x00000001b2ab7000 	/usr/lib/swift/libswiftCoreFoundation.dylib
0x000000019f9f5000 	/usr/lib/swift/libswiftDispatch.dylib
0x00000001b2b18000 	/usr/lib/swift/libswiftIOKit.dylib
0x00000001a29cd000 	/usr/lib/swift/libswiftObjectiveC.dylib
0x00000001b2aca000 	/usr/lib/swift/libswiftXPC.dylib
0x000000028a173000 	/usr/lib/swift/libswift_Builtin_float.dylib
0x000000023ad44000 	/System/Library/PrivateFrameworks/BiomeLibrary.framework/Versions/A/BiomeLibrary
0x000000018d8f3000 	/System/Library/PrivateFrameworks/BaseBoard.framework/Versions/A/BaseBoard
0x000000019fd56000 	/System/Library/PrivateFrameworks/BoardServices.framework/Versions/A/BoardServices
0x00000001a1c23000 	/System/Library/PrivateFrameworks/BackBoardServices.framework/Versions/A/BackBoardServices
0x000000023ac49000 	/System/Library/PrivateFrameworks/BackBoardHIDEventFoundation.framework/Versions/A/BackBoardHIDEventFoundation
0x0000000190129000 	/System/Library/Frameworks/CoreVideo.framework/Versions/A/CoreVideo
0x000000018f32e000 	/usr/lib/libDiagnosticMessagesClient.dylib
0x00000001881ac000 	/System/Library/Frameworks/CoreDisplay.framework/Versions/A/CoreDisplay
0x0000000194813000 	/usr/lib/libbsm.0.dylib
0x000000019779f000 	/System/Library/Frameworks/VideoToolbox.framework/Versions/A/VideoToolbox
0x00000001957dc000 	/System/Library/Frameworks/MetalPerformanceShaders.framework/Versions/A/MetalPerformanceShaders
0x00000001944c2000 	/System/Library/PrivateFrameworks/IOMobileFramebuffer.framework/Versions/A/IOMobileFramebuffer
0x0000000268e86000 	/System/Library/PrivateFrameworks/ProDisplayLibrary.framework/Versions/A/ProDisplayLibrary
0x00000001a5a54000 	/System/Library/PrivateFrameworks/IOSurfaceAccelerator.framework/Versions/A/IOSurfaceAccelerator
0x000000018d9e5000 	/System/Library/PrivateFrameworks/RunningBoardServices.framework/Versions/A/RunningBoardServices
0x0000000186c89000 	/System/Library/Frameworks/SystemConfiguration.framework/Versions/A/SystemConfiguration
0x0000000191ddc000 	/System/Library/Frameworks/Metal.framework/Versions/A/Metal
0x0000000191dd1000 	/System/Library/PrivateFrameworks/IOAccelerator.framework/Versions/A/IOAccelerator
0x00000001920e0000 	/System/Library/Frameworks/CoreMedia.framework/Versions/A/CoreMedia
0x000000018bf31000 	/System/Library/PrivateFrameworks/TCC.framework/Versions/A/TCC
0x000000018be99000 	/usr/lib/libMobileGestalt.dylib
0x0000000197757000 	/System/Library/PrivateFrameworks/WatchdogClient.framework/Versions/A/WatchdogClient
0x000000018f858000 	/System/Library/Frameworks/QuartzCore.framework/Versions/A/QuartzCore
0x0000000189ac6000 	/System/Library/Frameworks/IOKit.framework/Versions/A/IOKit
0x00000001957e4000 	/usr/lib/libcompression.dylib
0x0000000197759000 	/System/Library/PrivateFrameworks/MultitouchSupport.framework/Versions/A/MultitouchSupport
0x00000001ca8f5000 	/usr/lib/swift/libswiftAccelerate.dylib
0x00000001b2a97000 	/usr/lib/swift/libswiftCoreAudio.dylib
0x00000001cea70000 	/usr/lib/swift/libswiftCoreMedia.dylib
0x00000001c0a5c000 	/usr/lib/swift/libswiftMetal.dylib
0x00000001d0223000 	/usr/lib/swift/libswiftOSLog.dylib
0x00000001c5e51000 	/usr/lib/swift/libswiftQuartzCore.dylib
0x00000001ca8e5000 	/usr/lib/swift/libswiftUniformTypeIdentifiers.dylib
0x000000028a15b000 	/usr/lib/swift/libswiftVideoToolbox.dylib
0x00000001a29d1000 	/usr/lib/swift/libswiftos.dylib
0x00000001b660b000 	/usr/lib/swift/libswiftsimd.dylib
0x00000001c1ac7000 	/System/Library/PrivateFrameworks/BiomeStreams.framework/Versions/A/BiomeStreams
0x00000001c7dac000 	/System/Library/PrivateFrameworks/BiomeStorage.framework/Versions/A/BiomeStorage
0x00000001bdb2c000 	/System/Library/PrivateFrameworks/BiomeFoundation.framework/Versions/A/BiomeFoundation
0x00000002573a3000 	/System/Library/PrivateFrameworks/IntelligencePlatformLibrary.framework/Versions/A/IntelligencePlatformLibrary
0x000000018d668000 	/usr/lib/libsqlite3.dylib
0x0000000267c4a000 	/System/Library/PrivateFrameworks/PoirotSchematizer.framework/Versions/A/PoirotSchematizer
0x000000023b5f7000 	/System/Library/PrivateFrameworks/BiomeSync.framework/Versions/A/BiomeSync
0x000000023ad2a000 	/System/Library/PrivateFrameworks/BiomeDSL.framework/Versions/A/BiomeDSL
0x00000001c7d4b000 	/System/Library/PrivateFrameworks/BiomePubSub.framework/Versions/A/BiomePubSub
0x00000001b2979000 	/System/Library/PrivateFrameworks/LoggingSupport.framework/Versions/A/LoggingSupport
0x00000001a3938000 	/System/Library/PrivateFrameworks/ProactiveSupport.framework/Versions/A/ProactiveSupport
0x00000001e0e52000 	/System/Library/PrivateFrameworks/FeatureFlags.framework/Versions/A/FeatureFlags
0x00000001d8c88000 	/System/Library/PrivateFrameworks/InternalSwiftProtobuf.framework/Versions/A/InternalSwiftProtobuf
0x0000000267cb8000 	/System/Library/PrivateFrameworks/PoirotUDFs.framework/Versions/A/PoirotUDFs
0x000000028a2a4000 	/usr/lib/swift/libswift_StringProcessing.dylib
0x00000001955b6000 	/usr/lib/system/libcache.dylib
0x0000000195571000 	/usr/lib/system/libcommonCrypto.dylib
0x000000019559c000 	/usr/lib/system/libcompiler_rt.dylib
0x0000000195591000 	/usr/lib/system/libcopyfile.dylib
0x00000001854b1000 	/usr/lib/system/libcorecrypto.dylib
0x00000001855b1000 	/usr/lib/system/libdispatch.dylib
0x000000018535b000 	/usr/lib/system/libdyld.dylib
0x00000001955ac000 	/usr/lib/system/libkeymgr.dylib
0x0000000195554000 	/usr/lib/system/libmacho.dylib
0x00000001947eb000 	/usr/lib/system/libquarantine.dylib
0x00000001955a9000 	/usr/lib/system/libremovefile.dylib
0x000000018bf19000 	/usr/lib/system/libsystem_asl.dylib
0x0000000185437000 	/usr/lib/system/libsystem_blocks.dylib
0x00000001855fc000 	/usr/lib/system/libsystem_c.dylib
0x00000001955a0000 	/usr/lib/system/libsystem_collections.dylib
0x000000019318c000 	/usr/lib/system/libsystem_configuration.dylib
0x0000000191d7b000 	/usr/lib/system/libsystem_containermanager.dylib
0x0000000194f8a000 	/usr/lib/system/libsystem_coreservices.dylib
0x0000000189744000 	/usr/lib/system/libsystem_darwin.dylib
0x000000028a495000 	/usr/lib/system/libsystem_darwindirectory.dylib
0x00000001955ad000 	/usr/lib/system/libsystem_dnssd.dylib
0x000000028a499000 	/usr/lib/system/libsystem_eligibility.dylib
0x00000001855f9000 	/usr/lib/system/libsystem_featureflags.dylib
0x000000018577d000 	/usr/lib/system/libsystem_info.dylib
0x0000000195515000 	/usr/lib/system/libsystem_m.dylib
0x0000000185560000 	/usr/lib/system/libsystem_malloc.dylib
0x000000018be7c000 	/usr/lib/system/libsystem_networkextension.dylib
0x0000000189baf000 	/usr/lib/system/libsystem_notify.dylib
0x0000000193191000 	/usr/lib/system/libsystem_sandbox.dylib
0x000000028a4a3000 	/usr/lib/system/libsystem_sanitizers.dylib
0x00000001955a5000 	/usr/lib/system/libsystem_secinit.dylib
0x0000000185729000 	/usr/lib/system/libsystem_kernel.dylib
0x0000000185774000 	/usr/lib/system/libsystem_platform.dylib
0x0000000185767000 	/usr/lib/system/libsystem_pthread.dylib
0x000000018dad7000 	/usr/lib/system/libsystem_symptoms.dylib
0x0000000185490000 	/usr/lib/system/libsystem_trace.dylib
0x000000028a4ab000 	/usr/lib/system/libsystem_trial.dylib
0x000000019557f000 	/usr/lib/system/libunwind.dylib
0x000000018543b000 	/usr/lib/system/libxpc.dylib
0x000000018570e000 	/usr/lib/libc++abi.dylib
0x0000000288878000 	/usr/lib/libRosetta.dylib
0x0000000289cfe000 	/usr/lib/libswiftPrespecialized.dylib
0x000000018fff9000 	/System/Library/PrivateFrameworks/CoreAutoLayout.framework/Versions/A/CoreAutoLayout
0x00000001955be000 	/usr/lib/libfakelink.dylib
0x000000018f429000 	/System/Library/Frameworks/DiskArbitration.framework/Versions/A/DiskArbitration
0x0000000195611000 	/usr/lib/libarchive.2.dylib
0x000000019319f000 	/usr/lib/liblangid.dylib
0x000000019b923000 	/System/Library/Frameworks/Combine.framework/Versions/A/Combine
0x0000000269f7c000 	/System/Library/PrivateFrameworks/ReflectionInternal.framework/Versions/A/ReflectionInternal
0x000000026aecf000 	/System/Library/PrivateFrameworks/RuntimeInternal.framework/Versions/A/RuntimeInternal
0x00000001af94d000 	/usr/lib/swift/libswiftDarwin.dylib
0x000000028a141000 	/usr/lib/swift/libswiftSystem.dylib
0x000000028a174000 	/usr/lib/swift/libswift_Concurrency.dylib
0x000000028a200000 	/usr/lib/swift/libswift_DarwinFoundation1.dylib
0x0000000189a46000 	/System/Library/PrivateFrameworks/CoreServicesInternal.framework/Versions/A/CoreServicesInternal
0x0000000195589000 	/usr/lib/liboah.dylib
0x00000001a1e01000 	/System/Library/PrivateFrameworks/DiskImages.framework/Versions/A/DiskImages
0x00000001af3f2000 	/System/Library/Frameworks/NetFS.framework/Versions/A/NetFS
0x000000018ffbe000 	/System/Library/Frameworks/CoreServices.framework/Versions/A/Frameworks/FSEvents.framework/Versions/A/FSEvents
0x000000018974e000 	/System/Library/Frameworks/CoreServices.framework/Versions/A/Frameworks/CarbonCore.framework/Versions/A/CarbonCore
0x000000018f39d000 	/System/Library/Frameworks/CoreServices.framework/Versions/A/Frameworks/Metadata.framework/Versions/A/Metadata
0x0000000194f91000 	/System/Library/Frameworks/CoreServices.framework/Versions/A/Frameworks/OSServices.framework/Versions/A/OSServices
0x0000000195709000 	/System/Library/Frameworks/CoreServices.framework/Versions/A/Frameworks/SearchKit.framework/Versions/A/SearchKit
0x000000018da51000 	/System/Library/Frameworks/CoreServices.framework/Versions/A/Frameworks/AE.framework/Versions/A/AE
0x0000000185d0c000 	/System/Library/Frameworks/CoreServices.framework/Versions/A/Frameworks/LaunchServices.framework/Versions/A/LaunchServices
0x0000000196a8f000 	/System/Library/Frameworks/CoreServices.framework/Versions/A/Frameworks/DictionaryServices.framework/Versions/A/DictionaryServices
0x000000018ffcb000 	/System/Library/Frameworks/CoreServices.framework/Versions/A/Frameworks/SharedFileList.framework/Versions/A/SharedFileList
0x000000019579c000 	/usr/lib/libapple_nghttp2.dylib
0x000000018d851000 	/System/Library/Frameworks/Accounts.framework/Versions/A/Accounts
0x00000001a2043000 	/System/Library/PrivateFrameworks/AppSupport.framework/Versions/A/AppSupport
0x00000001b187b000 	/System/Library/Frameworks/AVFoundation.framework/Versions/A/AVFoundation
0x0000000199b5e000 	/System/Library/Frameworks/GSS.framework/Versions/A/GSS
0x0000000197f50000 	/System/Library/PrivateFrameworks/InternationalSupport.framework/Versions/A/InternationalSupport
0x00000001a2955000 	/System/Library/PrivateFrameworks/StreamingZip.framework/Versions/A/StreamingZip
0x000000018be97000 	/usr/lib/libenergytrace.dylib
0x000000018dae0000 	/System/Library/Frameworks/Network.framework/Versions/A/Network
0x0000000195558000 	/usr/lib/system/libkxld.dylib
0x000000023965d000 	/System/Library/PrivateFrameworks/AppleKeyStore.framework/Versions/A/AppleKeyStore
0x000000028857a000 	/usr/lib/libCoreEntitlements.dylib
0x000000025e65f000 	/System/Library/PrivateFrameworks/MessageSecurity.framework/Versions/A/MessageSecurity
0x000000019ee04000 	/System/Library/PrivateFrameworks/SymptomDiagnosticReporter.framework/Versions/A/SymptomDiagnosticReporter
0x0000000196cd4000 	/System/Library/PrivateFrameworks/CrashReporterSupport.framework/Versions/A/CrashReporterSupport
0x0000000194f71000 	/System/Library/PrivateFrameworks/AppleFSCompression.framework/Versions/A/AppleFSCompression
0x00000001947fb000 	/usr/lib/libcoretls.dylib
0x0000000196b05000 	/usr/lib/libcoretls_cfhelpers.dylib
0x00000001957de000 	/usr/lib/libpam.2.dylib
0x0000000196b7b000 	/usr/lib/libxar.1.dylib
0x0000000196b07000 	/System/Library/PrivateFrameworks/APFS.framework/Versions/A/APFS
0x00000002765fc000 	/System/Library/PrivateFrameworks/SwiftASN1Internal.framework/Versions/A/SwiftASN1Internal
0x0000000196b8a000 	/usr/lib/libutil.dylib
0x000000019319a000 	/System/Library/PrivateFrameworks/AppleSystemInfo.framework/Versions/A/AppleSystemInfo
0x00000001a1761000 	/System/Library/PrivateFrameworks/CoreWiFi.framework/Versions/A/CoreWiFi
0x0000000199bc1000 	/System/Library/PrivateFrameworks/MobileAsset.framework/Versions/A/MobileAsset
0x000000019ee14000 	/System/Library/PrivateFrameworks/PowerLog.framework/Versions/A/PowerLog
0x00000001a02d6000 	/System/Library/PrivateFrameworks/Rapport.framework/Versions/A/Rapport
0x0000000232282000 	/System/Library/Frameworks/SwiftData.framework/Versions/A/SwiftData
0x000000018b4fb000 	/System/Library/Frameworks/UniformTypeIdentifiers.framework/Versions/A/UniformTypeIdentifiers
0x00000001901eb000 	/System/Library/PrivateFrameworks/UserManagement.framework/Versions/A/UserManagement
0x000000018b9ed000 	/usr/lib/libboringssl.dylib
0x000000018dac5000 	/usr/lib/libdns_services.dylib
0x00000001b19af000 	/usr/lib/libquic.dylib
0x0000000198dbd000 	/usr/lib/libusrtcp.dylib
0x000000023a516000 	/System/Library/PrivateFrameworks/AtomicsInternal.framework/Versions/A/AtomicsInternal
0x0000000289fc8000 	/usr/lib/swift/libswiftDistributed.dylib
0x0000000289ff1000 	/usr/lib/swift/libswiftObservation.dylib
0x000000028a12d000 	/usr/lib/swift/libswiftSynchronization.dylib
0x0000000193198000 	/System/Library/PrivateFrameworks/AggregateDictionary.framework/Versions/A/AggregateDictionary
0x000000018d25e000 	/System/Library/Frameworks/CoreData.framework/Versions/A/CoreData
0x00000002342db000 	/System/Library/Frameworks/_LocationEssentials.framework/Versions/A/_LocationEssentials
0x0000000196ae6000 	/usr/lib/liblzma.5.dylib
0x00000001946f4000 	/System/Library/PrivateFrameworks/MobileKeyBag.framework/Versions/A/MobileKeyBag
0x00000001a2357000 	/System/Library/PrivateFrameworks/InternationalTextSearch.framework/Versions/A/InternationalTextSearch
0x00000001ba007000 	/System/Library/PrivateFrameworks/SoftwareUpdateCoreSupport.framework/Versions/A/SoftwareUpdateCoreSupport
0x00000001c2565000 	/System/Library/PrivateFrameworks/SoftwareUpdateCoreConnect.framework/Versions/A/SoftwareUpdateCoreConnect
0x00000001a1efb000 	/System/Library/PrivateFrameworks/RemoteServiceDiscovery.framework/Versions/A/RemoteServiceDiscovery
0x00000001b9bdf000 	/System/Library/PrivateFrameworks/MSUDataAccessor.framework/Versions/A/MSUDataAccessor
0x00000001b4b47000 	/usr/lib/libbootpolicy.dylib
0x00000001a1f12000 	/System/Library/PrivateFrameworks/RemoteXPC.framework/Versions/A/RemoteXPC
0x00000001c199b000 	/usr/lib/libFDR.dylib
0x00000001c794d000 	/usr/lib/libamsupport.dylib
0x0000000288870000 	/usr/lib/libReverseProxyDevice.dylib
0x0000000238ecd000 	/System/Library/PrivateFrameworks/AppleDeviceQuerySupport.framework/Versions/A/AppleDeviceQuerySupport
0x00000001cab0f000 	/usr/lib/libpartition2_dynamic.dylib
0x0000000195778000 	/System/Library/PrivateFrameworks/AppleSauce.framework/Versions/A/AppleSauce
0x0000000288425000 	/usr/lib/libAppleArchive.dylib
0x0000000194f7d000 	/usr/lib/libbz2.1.0.dylib
0x000000018f433000 	/System/Library/Frameworks/Accelerate.framework/Versions/A/Frameworks/vImage.framework/Versions/A/vImage
0x000000019dc64000 	/System/Library/Frameworks/Accelerate.framework/Versions/A/Frameworks/vecLib.framework/Versions/A/vecLib
0x0000000196bc1000 	/System/Library/Frameworks/Accelerate.framework/Versions/A/Frameworks/vecLib.framework/Versions/A/libvMisc.dylib
0x0000000186210000 	/System/Library/Frameworks/Accelerate.framework/Versions/A/Frameworks/vecLib.framework/Versions/A/libBLAS.dylib
0x000000022acdc000 	/System/Library/Frameworks/OpenGL.framework/Versions/A/OpenGL
0x000000024d05a000 	/System/Library/PrivateFrameworks/GPUCompiler.framework/Versions/32023/Libraries/libllvm-flatbuffers.dylib
0x0000000247ab9000 	/System/Library/PrivateFrameworks/FramePacing.framework/Versions/A/FramePacing
0x000000022acce000 	/System/Library/Frameworks/OpenGL.framework/Versions/A/Libraries/libCoreFSCache.dylib
0x0000000248be7000 	/System/Library/PrivateFrameworks/GPUCompiler.framework/Versions/32023/Libraries/libGPUCompilerUtils.dylib
0x000000022ad2d000 	/System/Library/Frameworks/OpenGL.framework/Versions/A/Libraries/libGLU.dylib
0x000000022acf0000 	/System/Library/Frameworks/OpenGL.framework/Versions/A/Libraries/libGFXShared.dylib
0x000000022aebd000 	/System/Library/Frameworks/OpenGL.framework/Versions/A/Libraries/libGL.dylib
0x000000022acf9000 	/System/Library/Frameworks/OpenGL.framework/Versions/A/Libraries/libGLImage.dylib
0x000000022aced000 	/System/Library/Frameworks/OpenGL.framework/Versions/A/Libraries/libCVMSPluginSupport.dylib
0x000000022acd6000 	/System/Library/Frameworks/OpenGL.framework/Versions/A/Libraries/libCoreVMClient.dylib
0x0000000194350000 	/System/Library/Frameworks/Accelerate.framework/Versions/A/Frameworks/vecLib.framework/Versions/A/libvDSP.dylib
0x00000001958be000 	/System/Library/Frameworks/Accelerate.framework/Versions/A/Frameworks/vecLib.framework/Versions/A/libLAPACK.dylib
0x0000000194887000 	/System/Library/Frameworks/Accelerate.framework/Versions/A/Frameworks/vecLib.framework/Versions/A/libLinearAlgebra.dylib
0x00000001957b5000 	/System/Library/Frameworks/Accelerate.framework/Versions/A/Frameworks/vecLib.framework/Versions/A/libSparseBLAS.dylib
0x00000001958b9000 	/System/Library/Frameworks/Accelerate.framework/Versions/A/Frameworks/vecLib.framework/Versions/A/libQuadrature.dylib
0x00000001932c8000 	/System/Library/Frameworks/Accelerate.framework/Versions/A/Frameworks/vecLib.framework/Versions/A/libBNNS.dylib
0x0000000186b1b000 	/System/Library/Frameworks/Accelerate.framework/Versions/A/Frameworks/vecLib.framework/Versions/A/libSparse.dylib
0x0000000259453000 	/System/Library/PrivateFrameworks/MIL.framework/Versions/A/MIL
0x00000001c49b7000 	/System/Library/PrivateFrameworks/OSAnalytics.framework/Versions/A/OSAnalytics
0x0000000245726000 	/System/Library/PrivateFrameworks/DeviceRecovery.framework/Versions/A/DeviceRecovery
0x00000001a016e000 	/System/Library/PrivateFrameworks/CoreSymbolication.framework/Versions/A/CoreSymbolication
0x00000001d4329000 	/System/Library/PrivateFrameworks/Symbolication.framework/Versions/A/Symbolication
0x00000001a014c000 	/System/Library/PrivateFrameworks/DebugSymbols.framework/Versions/A/DebugSymbols
0x00000001b2a08000 	/System/Library/PrivateFrameworks/MallocStackLogging.framework/Versions/A/MallocStackLogging
0x000000028a205000 	/usr/lib/swift/libswift_RegexParser.dylib
0x000000019ba17000 	/System/Library/PrivateFrameworks/GeoServices.framework/Versions/A/GeoServices
0x0000000199447000 	/System/Library/PrivateFrameworks/LocationSupport.framework/Versions/A/LocationSupport
0x000000019ecf9000 	/System/Library/Frameworks/CoreBluetooth.framework/Versions/A/CoreBluetooth
0x0000000250bad000 	/System/Library/PrivateFrameworks/GeoServicesCore.framework/Versions/A/GeoServicesCore
0x00000001ab817000 	/System/Library/PrivateFrameworks/PhoneNumbers.framework/Versions/A/PhoneNumbers
0x0000000199d38000 	/System/Library/PrivateFrameworks/CorePhoneNumbers.framework/Versions/A/CorePhoneNumbers
0x00000001955f6000 	/usr/lib/libiconv.2.dylib
0x0000000195553000 	/usr/lib/libcharset.1.dylib
0x000000022cd58000 	/System/Library/Frameworks/ExtensionFoundation.framework/Versions/A/ExtensionFoundation
0x00000001971ae000 	/System/Library/PrivateFrameworks/AppServerSupport.framework/Versions/A/AppServerSupport
0x00000002636c0000 	/System/Library/PrivateFrameworks/OSEligibility.framework/Versions/A/OSEligibility
0x0000000196fb1000 	/System/Library/PrivateFrameworks/IconServices.framework/Versions/A/IconServices
0x000000022e13c000 	/System/Library/Frameworks/LightweightCodeRequirements.framework/Versions/A/LightweightCodeRequirements
0x0000000196e2b000 	/System/Library/PrivateFrameworks/PlugInKit.framework/Versions/A/PlugInKit
0x000000019470c000 	/System/Library/PrivateFrameworks/AssertionServices.framework/Versions/A/AssertionServices
0x0000000197551000 	/System/Library/PrivateFrameworks/AppleJPEG.framework/Versions/A/AppleJPEG
0x0000000196f2b000 	/usr/lib/libexpat.1.dylib
0x0000000197d1c000 	/System/Library/Frameworks/ImageIO.framework/Versions/A/Resources/libPng.dylib
0x0000000197d47000 	/System/Library/Frameworks/ImageIO.framework/Versions/A/Resources/libTIFF.dylib
0x0000000197e2f000 	/System/Library/Frameworks/ImageIO.framework/Versions/A/Resources/libGIF.dylib
0x0000000197596000 	/System/Library/Frameworks/ImageIO.framework/Versions/A/Resources/libJP2.dylib
0x0000000196c3b000 	/usr/lib/libate.dylib
0x0000000197dd6000 	/System/Library/Frameworks/ImageIO.framework/Versions/A/Resources/libJPEG.dylib
0x0000000197dcd000 	/System/Library/Frameworks/ImageIO.framework/Versions/A/Resources/libRadiance.dylib
0x000000028a203000 	/usr/lib/swift/libswift_DarwinFoundation2.dylib
0x000000028a204000 	/usr/lib/swift/libswift_DarwinFoundation3.dylib
0x0000000196f50000 	/System/Library/PrivateFrameworks/IconFoundation.framework/Versions/A/IconFoundation
0x0000000253f31000 	/System/Library/PrivateFrameworks/IconRendering.framework/Versions/A/IconRendering
0x000000018fcc0000 	/System/Library/PrivateFrameworks/CoreUI.framework/Versions/A/CoreUI
0x0000000192be7000 	/System/Library/Frameworks/CoreImage.framework/Versions/A/CoreImage
0x000000026b09b000 	/System/Library/PrivateFrameworks/SFSymbols.framework/Versions/A/SFSymbols
0x000000022cc0e000 	/System/Library/Frameworks/DeveloperToolsSupport.framework/Versions/A/DeveloperToolsSupport
0x00000001a9be0000 	/System/Library/PrivateFrameworks/RenderBox.framework/Versions/A/RenderBox
0x0000000192869000 	/System/Library/PrivateFrameworks/CoreSVG.framework/Versions/A/CoreSVG
0x0000000197eb9000 	/System/Library/PrivateFrameworks/TextureIO.framework/Versions/A/TextureIO
0x00000001b2b17000 	/usr/lib/swift/libswiftCoreImage.dylib
0x000000019715e000 	/System/Library/PrivateFrameworks/GraphVisualizer.framework/Versions/A/GraphVisualizer
0x00000002479c4000 	/System/Library/PrivateFrameworks/FontServices.framework/Versions/A/FontServices
0x000000019716e000 	/System/Library/PrivateFrameworks/OTSVG.framework/Versions/A/OTSVG
0x000000018fc6e000 	/System/Library/Frameworks/ApplicationServices.framework/Versions/A/Frameworks/ATS.framework/Versions/A/Resources/libFontRegistry.dylib
0x0000000289338000 	/usr/lib/libhvf.dylib
0x000000026434c000 	/System/Library/PrivateFrameworks/ParsingInternal.framework/Versions/A/ParsingInternal
0x00000002479c8000 	/System/Library/PrivateFrameworks/FontServices.framework/libXTFontStaticRegistryData.dylib
0x00000001930d2000 	/System/Library/Frameworks/MetalPerformanceShaders.framework/Versions/A/Frameworks/MPSCore.framework/Versions/A/MPSCore
0x0000000194edc000 	/System/Library/Frameworks/MetalPerformanceShaders.framework/Versions/A/Frameworks/MPSImage.framework/Versions/A/MPSImage
0x000000019489b000 	/System/Library/Frameworks/MetalPerformanceShaders.framework/Versions/A/Frameworks/MPSNeuralNetwork.framework/Versions/A/MPSNeuralNetwork
0x0000000194cda000 	/System/Library/Frameworks/MetalPerformanceShaders.framework/Versions/A/Frameworks/MPSMatrix.framework/Versions/A/MPSMatrix
0x0000000194af2000 	/System/Library/Frameworks/MetalPerformanceShaders.framework/Versions/A/Frameworks/MPSRayIntersector.framework/Versions/A/MPSRayIntersector
0x0000000194d0c000 	/System/Library/Frameworks/MetalPerformanceShaders.framework/Versions/A/Frameworks/MPSNDArray.framework/Versions/A/MPSNDArray
0x000000022efc1000 	/System/Library/Frameworks/MetalPerformanceShaders.framework/Versions/A/Frameworks/MPSFunctions.framework/Versions/A/MPSFunctions
0x000000022efa2000 	/System/Library/Frameworks/MetalPerformanceShaders.framework/Versions/A/Frameworks/MPSBenchmarkLoop.framework/Versions/A/MPSBenchmarkLoop
0x000000022efd5000 	/System/Library/Frameworks/MetalPerformanceShaders.framework/Versions/A/Frameworks/MPSHost.framework/Versions/A/MPSHost
0x0000000186027000 	/System/Library/PrivateFrameworks/MetalTools.framework/Versions/A/MetalTools
0x00000001b7d30000 	/System/Library/PrivateFrameworks/IOAccelMemoryInfo.framework/Versions/A/IOAccelMemoryInfo
0x00000001c6244000 	/System/Library/PrivateFrameworks/kperf.framework/Versions/A/kperf
0x00000001b2a93000 	/System/Library/PrivateFrameworks/GPURawCounter.framework/Versions/A/GPURawCounter
0x00000001a3ac3000 	/System/Library/PrivateFrameworks/ASEProcessing.framework/Versions/A/ASEProcessing
0x00000002677f9000 	/System/Library/PrivateFrameworks/PhotosensitivityProcessing.framework/Versions/A/PhotosensitivityProcessing
0x000000026b121000 	/System/Library/PrivateFrameworks/SILManager.framework/Versions/A/SILManager
0x0000000279a4f000 	/System/Library/PrivateFrameworks/Tightbeam.framework/Versions/A/Tightbeam
0x00000001c0a6a000 	/usr/lib/swift/libswiftCompression.dylib
0x00000001cb07c000 	/System/Library/PrivateFrameworks/AFKUser.framework/Versions/A/AFKUser
0x0000000197e01000 	/System/Library/Frameworks/ApplicationServices.framework/Versions/A/Frameworks/ATSUI.framework/Versions/A/ATSUI
0x00000001994d7000 	/System/Library/Frameworks/AudioToolbox.framework/Versions/A/AudioToolbox
0x000000019534a000 	/System/Library/Frameworks/UserNotifications.framework/Versions/A/UserNotifications
0x00000001b84c5000 	/System/Library/PrivateFrameworks/SiriInstrumentation.framework/Versions/A/SiriInstrumentation
0x000000026d57c000 	/System/Library/PrivateFrameworks/SiriAnalytics.framework/Versions/A/SiriAnalytics
0x00000001b5c2d000 	/System/Library/PrivateFrameworks/FeedbackLogger.framework/Versions/A/FeedbackLogger
0x00000001d04bc000 	/usr/lib/swift/libswiftAVFoundation.dylib
0x000000027c277000 	/System/Library/PrivateFrameworks/UnifiedAssetFramework.framework/Versions/A/UnifiedAssetFramework
0x00000001882cd000 	/System/Library/PrivateFrameworks/AudioToolboxCore.framework/Versions/A/AudioToolboxCore
0x00000001996ac000 	/System/Library/PrivateFrameworks/AudioSession.framework/Versions/A/AudioSession
0x00000001a4d46000 	/System/Library/Frameworks/CoreMIDI.framework/Versions/A/CoreMIDI
0x000000019972d000 	/usr/lib/libAudioStatistics.dylib
0x00000001920b6000 	/System/Library/PrivateFrameworks/caulk.framework/Versions/A/caulk
0x00000001888b9000 	/System/Library/Frameworks/CoreAudio.framework/Versions/A/CoreAudio
0x0000000197cf6000 	/usr/lib/libAudioToolboxUtility.dylib
0x00000001b93f3000 	/usr/lib/swift/libswiftCoreMIDI.dylib
0x0000000199b30000 	/System/Library/PrivateFrameworks/perfdata.framework/Versions/A/perfdata
0x00000001b1aa4000 	/System/Library/PrivateFrameworks/SystemPolicy.framework/Versions/A/SystemPolicy
0x00000001999d5000 	/usr/lib/libSMC.dylib
0x0000000199b3e000 	/usr/lib/libperfcheck.dylib
0x000000023a5e5000 	/System/Library/PrivateFrameworks/AudioAnalytics.framework/Versions/A/AudioAnalytics
0x00000001d8976000 	/System/Library/Frameworks/OSLog.framework/Versions/A/OSLog
0x00000001b2a3a000 	/usr/lib/libmis.dylib
0x00000001a02cb000 	/System/Library/PrivateFrameworks/CoreTime.framework/Versions/A/CoreTime
0x000000019706f000 	/System/Library/PrivateFrameworks/MediaExperience.framework/Versions/A/MediaExperience
0x0000000199481000 	/System/Library/PrivateFrameworks/AudioSession.framework/libSessionUtility.dylib
0x0000000197e35000 	/System/Library/PrivateFrameworks/CMCaptureCore.framework/Versions/A/CMCaptureCore
0x00000001971bb000 	/usr/lib/libspindump.dylib
0x000000019457f000 	/System/Library/PrivateFrameworks/CoreUtils.framework/Versions/A/CoreUtils
0x00000001aa913000 	/System/Library/PrivateFrameworks/HID.framework/Versions/A/HID
0x000000024463f000 	/System/Library/PrivateFrameworks/CoreUtilsExtras.framework/Versions/A/CoreUtilsExtras
0x0000000253e86000 	/System/Library/PrivateFrameworks/IO80211.framework/Versions/A/IO80211
0x000000019b66f000 	/System/Library/Frameworks/IOBluetooth.framework/Versions/A/IOBluetooth
0x000000028a010000 	/usr/lib/swift/libswiftRegexBuilder.dylib
0x0000000196ccb000 	/usr/lib/libIOReport.dylib
0x00000001e0ed6000 	/System/Library/PrivateFrameworks/WiFiPeerToPeer.framework/Versions/A/WiFiPeerToPeer
0x000000019471b000 	/System/Library/Frameworks/SecurityFoundation.framework/Versions/A/SecurityFoundation
0x000000023cce1000 	/System/Library/PrivateFrameworks/Centauri.framework/Versions/A/Centauri
0x0000000186a0b000 	/System/Library/PrivateFrameworks/Lexicon.framework/Versions/A/Lexicon
0x0000000289788000 	/usr/lib/libmrc.dylib
0x0000000253ef1000 	/System/Library/PrivateFrameworks/IPConfiguration.framework/Versions/A/IPConfiguration
0x00000001d4b00000 	/System/Library/PrivateFrameworks/Netrb.framework/Versions/A/Netrb
0x000000019fc7c000 	/System/Library/PrivateFrameworks/FrontBoardServices.framework/Versions/A/FrontBoardServices
0x0000000194884000 	/usr/lib/libgermantok.dylib
0x00000001932c1000 	/System/Library/PrivateFrameworks/LinguisticData.framework/Versions/A/LinguisticData
0x000000019fe23000 	/System/Library/PrivateFrameworks/GraphicsServices.framework/Versions/A/GraphicsServices
0x000000019ef02000 	/System/Library/PrivateFrameworks/MediaKit.framework/Versions/A/MediaKit
0x000000019ee50000 	/System/Library/Frameworks/DiscRecording.framework/Versions/A/DiscRecording
0x0000000196f46000 	/usr/lib/libheimdal-asn1.dylib
0x00000001a292b000 	/System/Library/Frameworks/AudioUnit.framework/Versions/A/AudioUnit
0x000000018ff86000 	/System/Library/Frameworks/OpenDirectory.framework/Versions/A/OpenDirectory
0x000000018ff94000 	/System/Library/Frameworks/OpenDirectory.framework/Versions/A/Frameworks/CFOpenDirectory.framework/Versions/A/CFOpenDirectory
0x000000022b249000 	/System/Library/Frameworks/AVFAudio.framework/Versions/A/AVFAudio
0x000000022b38d000 	/System/Library/Frameworks/AVRouting.framework/Versions/A/AVRouting
0x00000001ab92f000 	/usr/lib/libAccessibility.dylib
0x0000000257d1f000 	/System/Library/PrivateFrameworks/IsolatedCoreAudioClient.framework/Versions/A/IsolatedCoreAudioClient
0x0000000240477000 	/System/Library/PrivateFrameworks/CoreAudioOrchestration.framework/Versions/A/CoreAudioOrchestration
0x000000019831d000 	/System/Library/Frameworks/MediaToolbox.framework/Versions/A/MediaToolbox
0x000000019f028000 	/System/Library/PrivateFrameworks/CoreAVCHD.framework/Versions/A/CoreAVCHD
0x000000019df57000 	/System/Library/Frameworks/MediaAccessibility.framework/Versions/A/MediaAccessibility
0x000000019f024000 	/System/Library/PrivateFrameworks/Mangrove.framework/Versions/A/Mangrove
0x000000023c31d000 	/System/Library/PrivateFrameworks/CMPhoto.framework/Versions/A/CMPhoto
0x000000019f7f1000 	/System/Library/Frameworks/CoreTelephony.framework/Versions/A/CoreTelephony
0x000000019f017000 	/System/Library/PrivateFrameworks/CoreAUC.framework/Versions/A/CoreAUC
0x000000023948e000 	/System/Library/PrivateFrameworks/AppleJPEGXL.framework/Versions/A/AppleJPEGXL
0x000000027e1bf000 	/System/Library/PrivateFrameworks/VideoToolboxParavirtualizationSupport.framework/Versions/A/VideoToolboxParavirtualizationSupport
0x0000000196ee2000 	/System/Library/PrivateFrameworks/AppleVA.framework/Versions/A/AppleVA
0x0000000199d48000 	/usr/lib/libTelephonyUtilDynamic.dylib
0x0000000197dc8000 	/System/Library/PrivateFrameworks/GPUWrangler.framework/Versions/A/GPUWrangler
0x0000000197da8000 	/System/Library/PrivateFrameworks/IOPresentment.framework/Versions/A/IOPresentment
0x0000000197dd0000 	/System/Library/PrivateFrameworks/DSExternalDisplay.framework/Versions/A/DSExternalDisplay
0x00000001dba68000 	/System/Library/Frameworks/CryptoKit.framework/Versions/A/CryptoKit
0x00000001a2926000 	/System/Library/PrivateFrameworks/CryptoKitCBridging.framework/Versions/A/CryptoKitCBridging
0x000000019fe35000 	/System/Library/Frameworks/CryptoTokenKit.framework/Versions/A/CryptoTokenKit
0x0000000245197000 	/System/Library/PrivateFrameworks/Dendrite.framework/Versions/A/Dendrite
0x00000001b263b000 	/System/Library/Frameworks/NaturalLanguage.framework/Versions/A/NaturalLanguage
0x00000002508b0000 	/System/Library/PrivateFrameworks/GenerativeModels.framework/Versions/A/GenerativeModels
0x00000001e0e5e000 	/usr/lib/swift/libswiftNaturalLanguage.dylib
0x000000023a004000 	/System/Library/PrivateFrameworks/AppleMobileFileIntegrity.framework/Versions/A/AppleMobileFileIntegrity
0x00000002888e7000 	/usr/lib/libTLE.dylib
0x00000001ea565000 	/System/Library/PrivateFrameworks/ConfigProfileHelper.framework/Versions/A/ConfigProfileHelper
0x00000001a2ab5000 	/System/Library/PrivateFrameworks/Espresso.framework/Versions/A/Espresso
0x0000000190715000 	/System/Library/Frameworks/CoreML.framework/Versions/A/CoreML
0x00000001ded1b000 	/usr/lib/libedit.3.dylib
0x0000000228058000 	/System/Library/PrivateFrameworks/ANECompiler.framework/Versions/A/ANECompiler
0x00000001a4b8a000 	/System/Library/PrivateFrameworks/AppleNeuralEngine.framework/Versions/A/AppleNeuralEngine
0x000000022efdb000 	/System/Library/Frameworks/MetalPerformanceShadersGraph.framework/Versions/A/MetalPerformanceShadersGraph
0x0000000259bc2000 	/System/Library/PrivateFrameworks/MLCompilerServices.framework/Versions/A/MLCompilerServices
0x00000001a3907000 	/System/Library/PrivateFrameworks/ANEServices.framework/Versions/A/ANEServices
0x00000001b7cf3000 	/usr/lib/libncurses.5.4.dylib
0x0000000189bc2000 	/usr/lib/libsandbox.1.dylib
0x0000000196e6c000 	/usr/lib/libMatch.1.dylib
0x0000000263442000 	/System/Library/PrivateFrameworks/ODIE.framework/Versions/A/ODIE
0x000000025c84f000 	/System/Library/PrivateFrameworks/MLModelAsset.framework/Versions/A/MLModelAsset
0x0000000259b68000 	/System/Library/PrivateFrameworks/MLCompilerRuntime.framework/Versions/A/MLCompilerRuntime
0x0000000194b47000 	/System/Library/Frameworks/MLCompute.framework/Versions/A/MLCompute
0x0000000259aea000 	/System/Library/PrivateFrameworks/MLAssetIO.framework/Versions/A/MLAssetIO
0x0000000289fe2000 	/usr/lib/swift/libswiftMLCompute.dylib
0x000000019fa0c000 	/System/Library/PrivateFrameworks/AVFCore.framework/Versions/A/AVFCore
0x00000001a9231000 	/System/Library/PrivateFrameworks/AVFCapture.framework/Versions/A/AVFCapture
0x000000023c114000 	/System/Library/PrivateFrameworks/CMImaging.framework/Versions/A/CMImaging
0x00000001a9473000 	/System/Library/PrivateFrameworks/Quagga.framework/Versions/A/Quagga
0x00000001a95a4000 	/System/Library/PrivateFrameworks/CMCapture.framework/Versions/A/CMCapture
0x00000001998d2000 	/System/Library/Frameworks/CoreMediaIO.framework/Versions/A/CoreMediaIO
0x000000023c04f000 	/System/Library/PrivateFrameworks/CMCaptureDevice.framework/Versions/A/CMCaptureDevice
0x00000001972a7000 	/System/Library/PrivateFrameworks/CoreBrightness.framework/Versions/A/CoreBrightness
0x000000023d1d8000 	/System/Library/PrivateFrameworks/CinematicFraming.framework/Versions/A/CinematicFraming
0x000000025f92a000 	/System/Library/PrivateFrameworks/ModelManagerServices.framework/Versions/A/ModelManagerServices
0x00000001cd526000 	/System/Library/PrivateFrameworks/CPMS.framework/Versions/A/CPMS
0x0000000277177000 	/System/Library/PrivateFrameworks/SystemStatus.framework/Versions/A/SystemStatus
0x00000001b1479000 	/System/Library/Frameworks/CoreMotion.framework/Versions/A/CoreMotion
0x00000001c1a46000 	/System/Library/PrivateFrameworks/TimeSync.framework/Versions/A/TimeSync
0x0000000245b5d000 	/System/Library/PrivateFrameworks/DistributedSensing.framework/Versions/A/DistributedSensing
0x00000001bce3b000 	/System/Library/PrivateFrameworks/MobileBluetooth.framework/Versions/A/MobileBluetooth
0x00000001c3704000 	/System/Library/PrivateFrameworks/IOKitten.framework/Versions/A/IOKitten
0x0000000259335000 	/System/Library/PrivateFrameworks/LocationLogEncryption.framework/Versions/A/LocationLogEncryption
0x0000000239308000 	/System/Library/PrivateFrameworks/AppleIntelligenceReporting.framework/Versions/A/AppleIntelligenceReporting
0x000000023cc2d000 	/System/Library/PrivateFrameworks/CascadeSets.framework/Versions/A/CascadeSets
0x000000019448e000 	/System/Library/PrivateFrameworks/CoreEmoji.framework/Versions/A/CoreEmoji
0x0000000186d1d000 	/usr/lib/libCRFSuite.dylib
0x0000000187ffd000 	/System/Library/PrivateFrameworks/LanguageModeling.framework/Versions/A/LanguageModeling
0x00000001931a1000 	/System/Library/PrivateFrameworks/CoreNLP.framework/Versions/A/CoreNLP
0x000000018cf73000 	/System/Library/PrivateFrameworks/Montreal.framework/Versions/A/Montreal
0x00000001955fe000 	/usr/lib/libcmph.dylib
0x0000000194825000 	/usr/lib/libmecab.dylib
0x000000019576f000 	/usr/lib/libThaiTokenizer.dylib
0x0000000250992000 	/System/Library/PrivateFrameworks/GenerativeModelsFoundation.framework/Versions/A/GenerativeModelsFoundation
0x0000000279f54000 	/System/Library/PrivateFrameworks/TokenGeneration.framework/Versions/A/TokenGeneration
0x0000000250766000 	/System/Library/PrivateFrameworks/GenerativeFunctions.framework/Versions/A/GenerativeFunctions
0x00000002507b4000 	/System/Library/PrivateFrameworks/GenerativeFunctionsFoundation.framework/Versions/A/GenerativeFunctionsFoundation
0x000000025f5f0000 	/System/Library/PrivateFrameworks/ModelCatalog.framework/Versions/A/ModelCatalog
0x000000026c796000 	/System/Library/PrivateFrameworks/SensitiveContentAnalysisML.framework/Versions/A/SensitiveContentAnalysisML
0x000000025084a000 	/System/Library/PrivateFrameworks/GenerativeFunctionsInstrumentation.framework/Versions/A/GenerativeFunctionsInstrumentation
0x000000026960e000 	/System/Library/PrivateFrameworks/PromptKit.framework/Versions/A/PromptKit
0x0000000269025000 	/System/Library/PrivateFrameworks/ProactiveDaemonSupport.framework/Versions/A/ProactiveDaemonSupport
0x000000027a18c000 	/System/Library/PrivateFrameworks/TokenGenerationCore.framework/Versions/A/TokenGenerationCore
0x00000001b3506000 	/System/Library/PrivateFrameworks/Trial.framework/Versions/A/Trial
0x00000001b3487000 	/System/Library/PrivateFrameworks/TrialProto.framework/Versions/A/TrialProto
0x0000000238f34000 	/System/Library/PrivateFrameworks/AppleFlatBuffers.framework/Versions/A/AppleFlatBuffers
0x000000026ca66000 	/System/Library/PrivateFrameworks/SentencePieceInternal.framework/Versions/A/SentencePieceInternal
0x000000019dfb1000 	/System/Library/Frameworks/Vision.framework/Versions/A/Vision
0x0000000244321000 	/System/Library/PrivateFrameworks/CoreSceneUnderstanding.framework/Versions/A/CoreSceneUnderstanding
0x000000027edcc000 	/System/Library/PrivateFrameworks/VisionCore.framework/Versions/A/VisionCore
0x000000019825a000 	/System/Library/PrivateFrameworks/DataDetectorsCore.framework/Versions/A/DataDetectorsCore
0x00000001bbdc9000 	/System/Library/Frameworks/Vision.framework/libfaceCore.dylib
0x00000001bc8e3000 	/System/Library/PrivateFrameworks/Futhark.framework/Versions/A/Futhark
0x00000001c0823000 	/System/Library/PrivateFrameworks/InertiaCam.framework/Versions/A/InertiaCam
0x00000001bc670000 	/System/Library/PrivateFrameworks/TextRecognition.framework/Versions/A/TextRecognition
0x000000022cbf7000 	/System/Library/Frameworks/DataDetection.framework/Versions/A/DataDetection
0x00000001b6899000 	/System/Library/PrivateFrameworks/TextInput.framework/Versions/A/TextInput
0x0000000196d09000 	/System/Library/PrivateFrameworks/CVNLP.framework/Versions/A/CVNLP
0x000000022c6dc000 	/System/Library/Frameworks/CoreTransferable.framework/Versions/A/CoreTransferable
0x0000000199b15000 	/System/Library/PrivateFrameworks/NetAuth.framework/Versions/A/NetAuth
0x00000001901aa000 	/System/Library/PrivateFrameworks/login.framework/Versions/A/Frameworks/loginsupport.framework/Versions/A/loginsupport
0x000000018b342000 	/System/Library/PrivateFrameworks/UIFoundation.framework/Versions/A/UIFoundation
0x00000001971c2000 	/System/Library/PrivateFrameworks/Heimdal.framework/Versions/A/Heimdal
0x00000001997bd000 	/usr/lib/libresolv.9.dylib
0x0000000199bb0000 	/System/Library/PrivateFrameworks/CommonAuth.framework/Versions/A/CommonAuth
0x00000001947ef000 	/usr/lib/libCheckFix.dylib
0x000000018f330000 	/System/Library/PrivateFrameworks/MetadataUtilities.framework/Versions/A/MetadataUtilities
0x0000000254978000 	/System/Library/PrivateFrameworks/InstalledContentLibrary.framework/Versions/A/InstalledContentLibrary
0x0000000189a86000 	/System/Library/PrivateFrameworks/CoreServicesStore.framework/Versions/A/CoreServicesStore
0x000000018fff5000 	/usr/lib/libapp_launch_measurement.dylib
0x00000001c635b000 	/System/Library/PrivateFrameworks/MobileSystemServices.framework/Versions/A/MobileSystemServices
0x0000000196b8e000 	/usr/lib/libxslt.1.dylib
0x00000001947ae000 	/System/Library/PrivateFrameworks/BackgroundTaskManagement.framework/Versions/A/BackgroundTaskManagement
0x00000001a1fbc000 	/usr/lib/libcurl.4.dylib
0x00000002890ec000 	/usr/lib/libcrypto.46.dylib
0x0000000289c8b000 	/usr/lib/libssl.48.dylib
0x00000001a1c96000 	/System/Library/Frameworks/LDAP.framework/Versions/A/LDAP
0x0000000199b4c000 	/System/Library/Frameworks/Kerberos.framework/Versions/A/Kerberos
0x00000001a1cd2000 	/System/Library/PrivateFrameworks/TrustEvaluationAgent.framework/Versions/A/TrustEvaluationAgent
0x00000001997da000 	/usr/lib/libsasl2.2.dylib
0x00000001a292a000 	/System/Library/Frameworks/Kerberos.framework/Versions/A/Libraries/libHeimdalProxy.dylib
0x0000000267c0d000 	/System/Library/PrivateFrameworks/PoirotSQLite.framework/Versions/A/PoirotSQLite
0x00000001d8e5f000 	/System/Library/PrivateFrameworks/HIDDisplay.framework/Versions/A/HIDDisplay
0x0000000199ab6000 	/usr/lib/libcups.2.dylib
0x00000001ab823000 	/System/Library/PrivateFrameworks/AXCoreUtilities.framework/Versions/A/AXCoreUtilities
0x00000001bbc14000 	/System/Library/PrivateFrameworks/AttributeGraph.framework/Versions/A/AttributeGraph
0x00000002883e8000 	/usr/lib/libAXSafeCategoryBundle.dylib
0x0000000233366000 	/System/Library/Frameworks/TabularData.framework/Versions/A/TabularData
0x000000023a1b4000 	/System/Library/PrivateFrameworks/ArgumentParserInternal.framework/Versions/A/ArgumentParserInternal
0x00000001a4f39000 	/System/Library/Frameworks/Cocoa.framework/Versions/A/Cocoa
0x0000000189c1f000 	/System/Library/Frameworks/AppKit.framework/Versions/C/AppKit
0x000000023e058000 	/System/Library/PrivateFrameworks/CollectionViewCore.framework/Versions/A/CollectionViewCore
0x0000000192863000 	/System/Library/PrivateFrameworks/XCTTargetBootstrap.framework/Versions/A/XCTTargetBootstrap
0x00000001982ac000 	/System/Library/PrivateFrameworks/UserActivity.framework/Versions/A/UserActivity
0x0000000247ac6000 	/System/Library/PrivateFrameworks/FrontBoard.framework/Versions/A/FrontBoard
0x000000027bb9c000 	/System/Library/PrivateFrameworks/UIIntelligenceSupport.framework/Versions/A/UIIntelligenceSupport
0x00000002323ef000 	/System/Library/Frameworks/SwiftUICore.framework/Versions/A/SwiftUICore
0x0000000282730000 	/System/Library/PrivateFrameworks/WritingTools.framework/Versions/A/WritingTools
0x000000028152b000 	/System/Library/PrivateFrameworks/WindowManagement.framework/Versions/A/WindowManagement
0x00000002477fb000 	/System/Library/PrivateFrameworks/FocusEngine.framework/Versions/A/FocusEngine
0x0000000245207000 	/System/Library/PrivateFrameworks/DesignLibrary.framework/Versions/A/DesignLibrary
0x000000019284e000 	/System/Library/PrivateFrameworks/DFRFoundation.framework/Versions/A/DFRFoundation
0x000000027cae5000 	/System/Library/PrivateFrameworks/UpdateCycle.framework/Versions/A/UpdateCycle
0x0000000192552000 	/System/Library/Frameworks/Carbon.framework/Versions/A/Frameworks/HIToolbox.framework/Versions/A/HIToolbox
0x000000019d877000 	/System/Library/Frameworks/Carbon.framework/Versions/A/Frameworks/SpeechRecognition.framework/Versions/A/SpeechRecognition
0x000000018ff7c000 	/System/Library/PrivateFrameworks/PerformanceAnalysis.framework/Versions/A/PerformanceAnalysis
0x000000019dc07000 	/System/Library/Frameworks/Accessibility.framework/Versions/A/Accessibility
0x000000023334c000 	/System/Library/Frameworks/Symbols.framework/Versions/A/Symbols
0x0000000250d5b000 	/System/Library/PrivateFrameworks/Gestures.framework/Versions/A/Gestures
0x000000028a0b3000 	/usr/lib/swift/libswiftSpatial.dylib
0x00000001af94c000 	/usr/lib/swift/libswiftCoreGraphics.dylib
0x000000019e64b000 	/usr/lib/swift/libswiftFoundation.dylib
0x00000001e9f09000 	/usr/lib/swift/libswiftSwiftOnoneSupport.dylib
0x000000028a339000 	/usr/lib/swift/libswiftsys_time.dylib
0x00000001d4b3e000 	/System/Library/PrivateFrameworks/CoreMaterial.framework/Versions/A/CoreMaterial
0x00000002888e4000 	/usr/lib/libSpatial.dylib
0x0000000288305000 	/System/Library/SubFrameworks/UIUtilities.framework/Versions/A/UIUtilities
0x00000001065e0000 	/Users/liza/.gradle/jdks/eclipse_adoptium-25-aarch64-os_x.2/jdk-25.0.3+9/Contents/Home/lib/server/libjvm.dylib
0x0000000100828000 	/Users/liza/.gradle/jdks/eclipse_adoptium-25-aarch64-os_x.2/jdk-25.0.3+9/Contents/Home/lib/libjimage.dylib
0x00000001008ac000 	/Users/liza/.gradle/jdks/eclipse_adoptium-25-aarch64-os_x.2/jdk-25.0.3+9/Contents/Home/lib/libjava.dylib
0x0000000100984000 	/Users/liza/.gradle/jdks/eclipse_adoptium-25-aarch64-os_x.2/jdk-25.0.3+9/Contents/Home/lib/libnio.dylib
0x00000001009a4000 	/Users/liza/.gradle/jdks/eclipse_adoptium-25-aarch64-os_x.2/jdk-25.0.3+9/Contents/Home/lib/libnet.dylib
0x00000001009e8000 	/Users/liza/.gradle/jdks/eclipse_adoptium-25-aarch64-os_x.2/jdk-25.0.3+9/Contents/Home/lib/libzip.dylib
0x0000000105f40000 	/private/var/folders/7k/8cjmdq6x6kl0rpx4w6sptr6h0000gn/T/libgdxliza/87d7cf2b/libgdxarm64.dylib
0x0000000105fc4000 	/private/var/folders/7k/8cjmdq6x6kl0rpx4w6sptr6h0000gn/T/lwjgl_liza/3.3.6+1/arm64/liblwjgl.dylib
0x0000000106064000 	/private/var/folders/7k/8cjmdq6x6kl0rpx4w6sptr6h0000gn/T/lwjgl_liza/3.3.6+1/arm64/libjemalloc.dylib
0x0000000106010000 	/private/var/folders/7k/8cjmdq6x6kl0rpx4w6sptr6h0000gn/T/lwjgl_liza/3.3.6+1/arm64/libglfw.dylib
0x000000022b4fd000 	/System/Library/Frameworks/AppIntents.framework/Versions/A/AppIntents
0x0000000231abe000 	/System/Library/Frameworks/RelevanceKit.framework/Versions/A/RelevanceKit
0x000000019539b000 	/System/Library/Frameworks/CoreSpotlight.framework/Versions/A/CoreSpotlight
0x0000000258eaa000 	/System/Library/PrivateFrameworks/LinkServices.framework/Versions/A/LinkServices
0x000000019e910000 	/System/Library/Frameworks/Contacts.framework/Versions/A/Contacts
0x0000000237b7e000 	/System/Library/PrivateFrameworks/AppIntentsTypeSupport.framework/Versions/A/AppIntentsTypeSupport
0x0000000245c59000 	/System/Library/PrivateFrameworks/DoNotDisturb.framework/Versions/A/DoNotDisturb
0x0000000258cf8000 	/System/Library/PrivateFrameworks/LinkMetadata.framework/Versions/A/LinkMetadata
0x00000001b2abe000 	/usr/lib/swift/libswiftIntents.dylib
0x00000001b7e4d000 	/System/Library/PrivateFrameworks/IntentsCore.framework/Versions/A/IntentsCore
0x000000023aac4000 	/System/Library/PrivateFrameworks/AvailabilityKit.framework/Versions/A/AvailabilityKit
0x0000000237761000 	/System/Library/PrivateFrameworks/AppIntentSchemas.framework/Versions/A/AppIntentSchemas
0x000000022d64a000 	/System/Library/Frameworks/GeoToolbox.framework/Versions/A/GeoToolbox
0x000000024d5f8000 	/System/Library/PrivateFrameworks/GRDBInternal.framework/Versions/A/GRDBInternal
0x0000000275ce3000 	/System/Library/PrivateFrameworks/StatusKit.framework/Versions/A/StatusKit
0x000000019e727000 	/System/Library/PrivateFrameworks/ContactsPersistence.framework/Versions/A/ContactsPersistence
0x000000019d87b000 	/System/Library/PrivateFrameworks/AppleLDAP.framework/Versions/A/AppleLDAP
0x00000001a235a000 	/System/Library/Frameworks/ClassKit.framework/Versions/A/ClassKit
0x00000001a4609000 	/System/Library/PrivateFrameworks/CoreSuggestions.framework/Versions/A/CoreSuggestions
0x000000019e64c000 	/System/Library/PrivateFrameworks/ContactsFoundation.framework/Versions/A/ContactsFoundation
0x000000019fde3000 	/System/Library/PrivateFrameworks/vCard.framework/Versions/A/vCard
0x000000023e629000 	/System/Library/PrivateFrameworks/ContactsMetrics.framework/Versions/A/ContactsMetrics
0x0000000197283000 	/System/Library/PrivateFrameworks/login.framework/Versions/A/login
0x000000025d2de000 	/System/Library/PrivateFrameworks/ManagedOrganizationContacts.framework/Versions/A/ManagedOrganizationContacts
0x0000000190640000 	/System/Library/PrivateFrameworks/CloudDocs.framework/Versions/A/CloudDocs
0x00000001ab1d7000 	/System/Library/PrivateFrameworks/ProactiveEventTracker.framework/Versions/A/ProactiveEventTracker
0x000000019f22d000 	/System/Library/PrivateFrameworks/GenerationalStorage.framework/Versions/A/GenerationalStorage
0x0000000199ca6000 	/System/Library/PrivateFrameworks/CacheDelete.framework/Versions/A/CacheDelete
0x00000001a2a67000 	/System/Library/Frameworks/QuickLookThumbnailing.framework/Versions/A/QuickLookThumbnailing
0x000000019f056000 	/System/Library/Frameworks/FileProvider.framework/Versions/A/FileProvider
0x000000018b512000 	/System/Library/PrivateFrameworks/DesktopServicesPriv.framework/Versions/A/DesktopServicesPriv
0x00000001b2519000 	/System/Library/PrivateFrameworks/FTServices.framework/Versions/A/FTServices
0x00000001aa8c8000 	/System/Library/PrivateFrameworks/CloudServices.framework/Versions/A/CloudServices
0x0000000191afa000 	/System/Library/Frameworks/CoreLocation.framework/Versions/A/CoreLocation
0x00000001a10e7000 	/System/Library/Frameworks/Intents.framework/Versions/A/Intents
0x0000000194fc3000 	/System/Library/PrivateFrameworks/AuthKit.framework/Versions/A/AuthKit
0x00000001b93d1000 	/usr/lib/swift/libswiftCoreLocation.dylib
0x000000019b266000 	/System/Library/PrivateFrameworks/Sharing.framework/Versions/A/Sharing
0x000000019abeb000 	/System/Library/PrivateFrameworks/IDSFoundation.framework/Versions/A/IDSFoundation
0x00000001a1760000 	/System/Library/PrivateFrameworks/Apple80211.framework/Versions/A/Apple80211
0x00000001944fc000 	/System/Library/Frameworks/CoreWLAN.framework/Versions/A/CoreWLAN
0x00000001993ce000 	/System/Library/PrivateFrameworks/IMFoundation.framework/Versions/A/IMFoundation
0x00000001aac33000 	/System/Library/PrivateFrameworks/Marco.framework/Versions/A/Marco
0x000000018d8dc000 	/System/Library/PrivateFrameworks/CommonUtilities.framework/Versions/A/CommonUtilities
0x00000001a7601000 	/System/Library/PrivateFrameworks/Engram.framework/Versions/A/Engram
0x0000000282c37000 	/System/Library/PrivateFrameworks/XPCDistributed.framework/Versions/A/XPCDistributed
0x00000001a759f000 	/usr/lib/libtidy.A.dylib
0x00000001974d6000 	/System/Library/PrivateFrameworks/Bom.framework/Versions/A/Bom
0x00000001997fa000 	/usr/lib/libParallelCompression.dylib
0x00000001997ed000 	/System/Library/PrivateFrameworks/MultiverseSupport.framework/Versions/A/MultiverseSupport
0x000000019ef34000 	/System/Library/PrivateFrameworks/DiskManagement.framework/Versions/A/DiskManagement
0x000000019ee43000 	/System/Library/PrivateFrameworks/AppleIDAuthSupport.framework/Versions/A/AppleIDAuthSupport
0x0000000234bfb000 	/System/Library/PrivateFrameworks/AAAFoundation.framework/Versions/A/AAAFoundation
0x0000000199cf5000 	/System/Library/PrivateFrameworks/KeychainCircle.framework/Versions/A/KeychainCircle
0x00000001ab819000 	/System/Library/PrivateFrameworks/URLFormatting.framework/Versions/A/URLFormatting
0x00000001a1fb0000 	/usr/lib/libcsfde.dylib
0x0000000196e74000 	/usr/lib/libCoreStorage.dylib
0x000000019b745000 	/System/Library/PrivateFrameworks/ProtectedCloudStorage.framework/Versions/A/ProtectedCloudStorage
0x00000001a1fab000 	/System/Library/PrivateFrameworks/EFILogin.framework/Versions/A/EFILogin
0x000000019f254000 	/System/Library/PrivateFrameworks/OctagonTrust.framework/Versions/A/OctagonTrust
0x000000019a9c5000 	/System/Library/PrivateFrameworks/IDS.framework/Versions/A/IDS
0x000000019feb7000 	/System/Library/Frameworks/LocalAuthentication.framework/Versions/A/LocalAuthentication
0x00000002590e8000 	/System/Library/PrivateFrameworks/LocalAuthenticationCore.framework/Versions/A/LocalAuthenticationCore
0x00000002592b0000 	/System/Library/PrivateFrameworks/LocalAuthenticationCredentialServices.framework/Versions/A/LocalAuthenticationCredentialServices
0x000000019ff24000 	/System/Library/Frameworks/LocalAuthentication.framework/Support/SharedUtils.framework/Versions/A/SharedUtils
0x000000023a46f000 	/System/Library/PrivateFrameworks/AsyncAlgorithmsInternal.framework/Versions/A/AsyncAlgorithmsInternal
0x00000001c14b1000 	/System/Library/PrivateFrameworks/FTAWD.framework/Versions/A/FTAWD
0x00000001a29ef000 	/System/Library/PrivateFrameworks/IntentsFoundation.framework/Versions/A/IntentsFoundation
0x00000001901ad000 	/System/Library/PrivateFrameworks/ApplePushService.framework/Versions/A/ApplePushService
0x0000000190218000 	/System/Library/Frameworks/CloudKit.framework/Versions/A/CloudKit
0x00000001c94e5000 	/System/Library/PrivateFrameworks/DeviceIdentity.framework/Versions/A/DeviceIdentity
0x0000000231f48000 	/System/Library/Frameworks/SharedWithYouCore.framework/Versions/A/SharedWithYouCore
0x000000023dab7000 	/System/Library/PrivateFrameworks/CloudTelemetry.framework/Versions/A/CloudTelemetry
0x00000001a2422000 	/System/Library/PrivateFrameworks/AppleAccount.framework/Versions/A/AppleAccount
0x00000001a2a0a000 	/System/Library/PrivateFrameworks/C2.framework/Versions/A/C2
0x000000023d70b000 	/System/Library/PrivateFrameworks/CloudCoreInternal.framework/Versions/A/CloudCoreInternal
0x000000023d473000 	/System/Library/PrivateFrameworks/CloudAsset.framework/Versions/A/CloudAsset
0x00000001a2a00000 	/System/Library/Frameworks/PushKit.framework/Versions/A/PushKit
0x000000023dadc000 	/System/Library/PrivateFrameworks/CloudTelemetryTools.framework/Versions/A/CloudTelemetryTools
0x000000023dacd000 	/System/Library/PrivateFrameworks/CloudTelemetryShared.dylib
0x00000001a48e0000 	/System/Library/PrivateFrameworks/RTCReporting.framework/Versions/A/RTCReporting
0x0000000234c1e000 	/System/Library/PrivateFrameworks/AAAFoundationSwift.framework/Versions/A/AAAFoundationSwift
0x00000001a26a8000 	/System/Library/PrivateFrameworks/AppleIDSSOAuthentication.framework/Versions/A/AppleIDSSOAuthentication
0x000000018fe47000 	/System/Library/PrivateFrameworks/ViewBridge.framework/Versions/A/ViewBridge
0x00000002341d1000 	/System/Library/Frameworks/_AppIntents_AppKit.framework/Versions/A/_AppIntents_AppKit
0x00000002883ec000 	/usr/lib/libAccessibilityBaseImplementations.dylib
0x00000001061e4000 	/usr/lib/libobjc-trampolines.dylib
0x0000000282735000 	/System/Library/PrivateFrameworks/WritingToolsUI.framework/Versions/A/WritingToolsUI
0x0000000250581000 	/System/Library/PrivateFrameworks/GenerativeAssistantSettings.framework/Versions/A/GenerativeAssistantSettings
0x0000000277a50000 	/System/Library/PrivateFrameworks/TextComposer.framework/Versions/A/TextComposer
0x0000000250554000 	/System/Library/PrivateFrameworks/GenerativeAssistantCommon.framework/Versions/A/GenerativeAssistantCommon
0x00000001ba4ca000 	/System/Library/Frameworks/SwiftUI.framework/Versions/A/SwiftUI
0x000000023747e000 	/System/Library/PrivateFrameworks/Anvil.framework/Versions/A/Anvil
0x0000000250a08000 	/System/Library/PrivateFrameworks/GenerativePartnerService.framework/Versions/A/GenerativePartnerService
0x0000000250a33000 	/System/Library/PrivateFrameworks/GenerativePartnerServiceUI.framework/Versions/A/GenerativePartnerServiceUI
0x00000001b26b5000 	/System/Library/Frameworks/SafariServices.framework/Versions/A/SafariServices
0x00000001afa45000 	/System/Library/Frameworks/WebKit.framework/Versions/A/WebKit
0x0000000234210000 	/System/Library/Frameworks/_AuthenticationServices_SwiftUI.framework/Versions/A/_AuthenticationServices_SwiftUI
0x00000001b9a49000 	/System/Library/PrivateFrameworks/AppStoreDaemon.framework/Versions/A/AppStoreDaemon
0x00000001a4f8f000 	/System/Library/PrivateFrameworks/AppleMediaServices.framework/Versions/A/AppleMediaServices
0x00000001b5c5c000 	/System/Library/PrivateFrameworks/AppleMediaServicesUI.framework/Versions/A/AppleMediaServicesUI
0x00000001e9463000 	/System/Library/PrivateFrameworks/JetEngine.framework/Versions/A/JetEngine
0x00000001b3397000 	/System/Library/PrivateFrameworks/OnBoardingKit.framework/Versions/A/OnBoardingKit
0x000000026cda7000 	/System/Library/PrivateFrameworks/Settings.framework/Versions/A/Settings
0x000000022cecc000 	/System/Library/Frameworks/ExtensionKit.framework/Versions/A/ExtensionKit
0x000000022cf0f000 	/System/Library/Frameworks/FSKit.framework/Versions/A/FSKit
0x000000027792c000 	/System/Library/PrivateFrameworks/TextAnimationSupport.framework/Versions/A/TextAnimationSupport
0x0000000269ed4000 	/System/Library/PrivateFrameworks/RecapPerformanceTesting.framework/Versions/A/RecapPerformanceTesting
0x00000001b3387000 	/System/Library/PrivateFrameworks/SignpostCollection.framework/Versions/A/SignpostCollection
0x00000001a4911000 	/System/Library/Frameworks/WebKit.framework/Versions/A/Frameworks/WebKitLegacy.framework/Versions/A/WebKitLegacy
0x00000001b1478000 	/System/Library/Frameworks/Carbon.framework/Versions/A/Carbon
0x00000001a26f9000 	/System/Library/PrivateFrameworks/CorePrediction.framework/Versions/A/CorePrediction
0x0000000190f4f000 	/System/Library/Frameworks/WebKit.framework/Versions/A/Frameworks/WebCore.framework/Versions/A/Frameworks/libwebrtc.dylib
0x0000000199862000 	/System/Library/Frameworks/SecurityInterface.framework/Versions/A/SecurityInterface
0x00000001b3396000 	/System/Library/PrivateFrameworks/WebInspectorUI.framework/Versions/A/WebInspectorUI
0x00000001a7641000 	/System/Library/Frameworks/JavaScriptCore.framework/Versions/A/JavaScriptCore
0x00000001ab966000 	/System/Library/Frameworks/WebKit.framework/Versions/A/Frameworks/WebCore.framework/Versions/A/WebCore
0x00000001a763a000 	/System/Library/Frameworks/Carbon.framework/Versions/A/Frameworks/CommonPanels.framework/Versions/A/CommonPanels
0x00000001a1fa7000 	/System/Library/Frameworks/Carbon.framework/Versions/A/Frameworks/Help.framework/Versions/A/Help
0x00000001a763e000 	/System/Library/Frameworks/Carbon.framework/Versions/A/Frameworks/ImageCapture.framework/Versions/A/ImageCapture
0x00000001a7619000 	/System/Library/Frameworks/Carbon.framework/Versions/A/Frameworks/OpenScripting.framework/Versions/A/OpenScripting
0x00000001a7639000 	/System/Library/Frameworks/Carbon.framework/Versions/A/Frameworks/Ink.framework/Versions/A/Ink
0x00000001a7636000 	/System/Library/Frameworks/Carbon.framework/Versions/A/Frameworks/SecurityHI.framework/Versions/A/SecurityHI
0x0000000288758000 	/usr/lib/libInterpreterSecurity.dylib
0x00000001c80d8000 	/System/Library/PrivateFrameworks/XprotectFramework.framework/Versions/A/XprotectFramework
0x00000001aac34000 	/System/Library/PrivateFrameworks/yara.framework/Versions/A/yara
0x00000002886d5000 	/usr/lib/libEndpointSecuritySystem.dylib
0x000000022bfce000 	/System/Library/Frameworks/BrowserEngineCore.framework/Versions/A/BrowserEngineCore
0x0000000233d89000 	/System/Library/Frameworks/WebKit.framework/Versions/A/Frameworks/WebCore.framework/Versions/A/Frameworks/libANGLE-shared.dylib
0x0000000280f81000 	/System/Library/PrivateFrameworks/WebGPU.framework/Versions/A/WebGPU
0x00000001b52d7000 	/System/Library/Frameworks/SceneKit.framework/Versions/A/SceneKit
0x00000001c6c18000 	/System/Library/Frameworks/ModelIO.framework/Versions/A/ModelIO
0x000000019b845000 	/System/Library/Frameworks/MetalKit.framework/Versions/A/MetalKit
0x000000019db89000 	/System/Library/Frameworks/GLKit.framework/Versions/A/GLKit
0x000000028a68c000 	/usr/lib/usd/libusd_ms.dylib
0x000000027c13d000 	/System/Library/PrivateFrameworks/USDLib_FormatLoaderProxy.framework/Versions/A/USDLib_FormatLoaderProxy
0x000000028a334000 	/usr/lib/swift/libswift_errno.dylib
0x00000001b24fa000 	/System/Library/PrivateFrameworks/CoreOptimization.framework/Versions/A/CoreOptimization
0x000000023a971000 	/System/Library/PrivateFrameworks/AuthenticationServicesCore.framework/Versions/A/AuthenticationServicesCore
0x00000001bce7b000 	/System/Library/Frameworks/AuthenticationServices.framework/Versions/A/AuthenticationServices
0x0000000196e07000 	/System/Library/PrivateFrameworks/SharedWebCredentials.framework/Versions/A/SharedWebCredentials
0x00000001b4261000 	/System/Library/PrivateFrameworks/SafariCore.framework/Versions/A/SafariCore
0x00000001bc98c000 	/System/Library/PrivateFrameworks/SafariFoundation.framework/Versions/A/SafariFoundation
0x000000023bcc4000 	/System/Library/PrivateFrameworks/CBORLibrary.framework/Versions/A/CBORLibrary
0x000000023cd26000 	/System/Library/PrivateFrameworks/Chirp.framework/Versions/A/Chirp
0x000000023d97a000 	/System/Library/PrivateFrameworks/CloudSubscriptionFeatures.framework/Versions/A/CloudSubscriptionFeatures
0x00000001ea8a4000 	/System/Library/PrivateFrameworks/RemoteManagement.framework/Versions/A/RemoteManagement
0x000000026a2c3000 	/System/Library/PrivateFrameworks/RemoteManagementModel.framework/Versions/A/RemoteManagementModel
0x000000026a354000 	/System/Library/PrivateFrameworks/RemoteManagementStore.framework/Versions/A/RemoteManagementStore
0x000000019b864000 	/usr/lib/libxcselect.dylib
0x00000001bc8fb000 	/System/Library/PrivateFrameworks/DifferentialPrivacy.framework/Versions/A/DifferentialPrivacy
0x000000025d2e4000 	/System/Library/PrivateFrameworks/ManagedSettingsObjC.framework/Versions/A/ManagedSettingsObjC
0x00000001a3ae8000 	/System/Library/PrivateFrameworks/ConfigurationProfiles.framework/Versions/A/ConfigurationProfiles
0x000000025933a000 	/System/Library/PrivateFrameworks/LockdownMode.framework/Versions/A/LockdownMode
0x000000027cdff000 	/System/Library/PrivateFrameworks/VDAF.framework/Versions/A/VDAF
0x000000019df70000 	/System/Library/PrivateFrameworks/SystemAdministration.framework/Versions/A/SystemAdministration
0x00000001a9138000 	/System/Library/PrivateFrameworks/PowerlogControl.framework/Versions/A/PowerlogControl
0x00000001a913a000 	/usr/lib/libUniversalAccess.dylib
0x00000001a5a5f000 	/System/Library/PrivateFrameworks/FamilyControls.framework/Versions/A/FamilyControls
0x000000019d84f000 	/System/Library/Frameworks/DirectoryService.framework/Versions/A/DirectoryService
0x00000001a203d000 	/System/Library/PrivateFrameworks/LoginUIKit.framework/Versions/A/Frameworks/LoginUICore.framework/Versions/A/LoginUICore
0x00000001974d4000 	/usr/lib/libodfde.dylib
0x00000001a5a59000 	/System/Library/PrivateFrameworks/UniversalAccess.framework/Versions/A/Libraries/libUAPreferences.dylib
0x00000001a5a81000 	/System/Library/PrivateFrameworks/CommerceKit.framework/Versions/A/Frameworks/CommerceCore.framework/Versions/A/CommerceCore
0x000000019989c000 	/System/Library/PrivateFrameworks/CoreFollowUp.framework/Versions/A/CoreFollowUp
0x0000000244cf7000 	/System/Library/PrivateFrameworks/DMCUtilities.framework/Versions/A/DMCUtilities
0x00000002593c9000 	/System/Library/PrivateFrameworks/MDMClientLibrary.framework/Versions/A/MDMClientLibrary
0x000000026a348000 	/System/Library/PrivateFrameworks/RemoteManagementProtocol.framework/Versions/A/RemoteManagementProtocol
0x0000000244c59000 	/System/Library/PrivateFrameworks/DEPClientLibrary.framework/Versions/A/DEPClientLibrary
0x0000000244c86000 	/System/Library/PrivateFrameworks/DMCEnrollmentLibrary.framework/Versions/A/DMCEnrollmentLibrary
0x00000001a921f000 	/System/Library/PrivateFrameworks/SetupAssistantFramework.framework/Versions/A/SetupAssistantFramework
0x00000001a274f000 	/System/Library/PrivateFrameworks/AuthKitUI.framework/Versions/A/AuthKitUI
0x00000001a2087000 	/System/Library/PrivateFrameworks/AppSSO.framework/Versions/A/AppSSO
0x00000001b979c000 	/System/Library/PrivateFrameworks/LocalAuthenticationUI.framework/Versions/A/LocalAuthenticationUI
0x000000026785d000 	/System/Library/PrivateFrameworks/PlatformSSO.framework/Versions/A/PlatformSSO
0x000000026794b000 	/System/Library/PrivateFrameworks/PlatformSSOCore.framework/Versions/A/PlatformSSOCore
0x000000022e1c3000 	/System/Library/Frameworks/LocalAuthenticationEmbeddedUI.framework/Versions/A/LocalAuthenticationEmbeddedUI
0x00000001ba294000 	/System/Library/PrivateFrameworks/AOSUI.framework/Versions/A/AOSUI
0x00000001aaf98000 	/System/Library/Frameworks/ContactsUI.framework/Versions/A/ContactsUI
0x000000019ebcf000 	/System/Library/PrivateFrameworks/FamilyCircle.framework/Versions/A/FamilyCircle
0x00000001c84e7000 	/System/Library/Frameworks/LinkPresentation.framework/Versions/A/LinkPresentation
0x00000001aab18000 	/System/Library/PrivateFrameworks/IASUtilities.framework/Versions/A/IASUtilities
0x0000000253dbb000 	/System/Library/PrivateFrameworks/IASUtilitiesCore.framework/Versions/A/IASUtilitiesCore
0x000000026a3bd000 	/System/Library/PrivateFrameworks/RemoteUI.framework/Versions/A/RemoteUI
0x000000025864d000 	/System/Library/PrivateFrameworks/LiftUI.framework/Versions/A/LiftUI
0x0000000282d5c000 	/System/Library/PrivateFrameworks/_IconServices_SwiftUI.framework/Versions/A/_IconServices_SwiftUI
0x000000023d8b0000 	/System/Library/PrivateFrameworks/CloudSettings.framework/Versions/A/CloudSettings
0x00000001a46dc000 	/System/Library/Frameworks/EventKit.framework/Versions/A/EventKit
0x00000001b35b0000 	/System/Library/PrivateFrameworks/SearchFoundation.framework/Versions/A/SearchFoundation
0x00000001ca64e000 	/System/Library/PrivateFrameworks/Email.framework/Versions/A/Email
0x00000001b2109000 	/System/Library/PrivateFrameworks/CoreRoutine.framework/Versions/A/CoreRoutine
0x00000001ea1fd000 	/System/Library/PrivateFrameworks/VoiceShortcutClient.framework/Versions/A/VoiceShortcutClient
0x00000001c2092000 	/System/Library/PrivateFrameworks/Categories.framework/Versions/A/Categories
0x00000001ba138000 	/System/Library/PrivateFrameworks/ChronoServices.framework/Versions/A/ChronoServices
0x000000023c75d000 	/System/Library/PrivateFrameworks/CalendarDatabase.framework/Versions/A/CalendarDatabase
0x000000023c69e000 	/System/Library/PrivateFrameworks/CalendarDaemon.framework/Versions/A/CalendarDaemon
0x00000001a3a23000 	/System/Library/PrivateFrameworks/CalendarFoundation.framework/Versions/A/CalendarFoundation
0x00000001a39de000 	/System/Library/PrivateFrameworks/iCalendar.framework/Versions/A/iCalendar
0x0000000244efc000 	/System/Library/PrivateFrameworks/DataAccessExpress.framework/Versions/A/DataAccessExpress
0x00000001ab100000 	/System/Library/PrivateFrameworks/ContactsAutocomplete.framework/Versions/A/ContactsAutocomplete
0x00000001ba084000 	/System/Library/PrivateFrameworks/FTClientServices.framework/Versions/A/FTClientServices
0x000000027636d000 	/System/Library/PrivateFrameworks/StorageContainersPrivate.framework/Versions/A/StorageContainersPrivate
0x0000000289fc3000 	/usr/lib/swift/libswiftCoreMediaIO.dylib
0x00000001aa999000 	/System/Library/PrivateFrameworks/CoreDAV.framework/Versions/A/CoreDAV
0x00000001a45a6000 	/System/Library/PrivateFrameworks/CalDAV.framework/Versions/A/CalDAV
0x00000001af69a000 	/System/Library/PrivateFrameworks/TelephonyUtilities.framework/Versions/A/TelephonyUtilities
0x000000022e17f000 	/System/Library/Frameworks/LiveCommunicationKit.framework/Versions/A/LiveCommunicationKit
0x000000023e1d5000 	/System/Library/PrivateFrameworks/CommunicationTrust.framework/Versions/A/CommunicationTrust
0x00000001b4070000 	/System/Library/Frameworks/CallKit.framework/Versions/A/CallKit
0x000000019ebc8000 	/System/Library/PrivateFrameworks/CommunicationsFilter.framework/Versions/A/CommunicationsFilter
0x00000001dee5a000 	/System/Library/PrivateFrameworks/IMTransferServices.framework/Versions/A/IMTransferServices
0x00000001b2513000 	/System/Library/PrivateFrameworks/IncomingCallFilter.framework/Versions/A/IncomingCallFilter
0x0000000262615000 	/System/Library/PrivateFrameworks/NeighborhoodActivityConduit.framework/Versions/A/NeighborhoodActivityConduit
0x00000001b6623000 	/System/Library/PrivateFrameworks/CallHistory.framework/Versions/A/CallHistory
0x0000000288565000 	/usr/lib/libBASupport.dylib
0x000000023cba4000 	/System/Library/PrivateFrameworks/CallsUtilities.framework/Versions/A/CallsUtilities
0x000000023cbb0000 	/System/Library/PrivateFrameworks/CallsXPC.framework/Versions/A/CallsXPC
0x00000001eaa0f000 	/usr/lib/swift/libswiftCallKit.dylib
0x000000023cb96000 	/System/Library/PrivateFrameworks/CallsPersistence.framework/Versions/A/CallsPersistence
0x0000000231d96000 	/System/Library/Frameworks/SensitiveContentAnalysis.framework/Versions/A/SensitiveContentAnalysis
0x00000001b76a1000 	/System/Library/PrivateFrameworks/PeopleSuggester.framework/Versions/A/PeopleSuggester
0x00000001c0e0c000 	/System/Library/PrivateFrameworks/SpotlightReceiver.framework/Versions/A/SpotlightReceiver
0x0000000282d1c000 	/System/Library/PrivateFrameworks/_AppIntentsServices_AppIntents.framework/Versions/A/_AppIntentsServices_AppIntents
0x00000002378e3000 	/System/Library/PrivateFrameworks/AppIntentsServices.framework/Versions/A/AppIntentsServices
0x00000001a39c7000 	/System/Library/PrivateFrameworks/CoreRecents.framework/Versions/A/CoreRecents
0x0000000234293000 	/System/Library/Frameworks/_GeoToolbox_AppIntents.framework/Versions/A/_GeoToolbox_AppIntents
0x00000001d44e4000 	/System/Library/PrivateFrameworks/DiagnosticRequest.framework/Versions/A/DiagnosticRequest
0x0000000269f85000 	/System/Library/PrivateFrameworks/RegulatoryDomain.framework/Versions/A/RegulatoryDomain
0x000000019dc62000 	/usr/lib/libCTGreenTeaLogger.dylib
0x000000025930d000 	/System/Library/PrivateFrameworks/LocalStatusKit.framework/Versions/A/LocalStatusKit
0x00000001af581000 	/System/Library/PrivateFrameworks/CoreParsec.framework/Versions/A/CoreParsec
0x00000001ca642000 	/System/Library/PrivateFrameworks/EmailAddressing.framework/Versions/A/EmailAddressing
0x00000001c6421000 	/System/Library/PrivateFrameworks/EmailCore.framework/Versions/A/EmailCore
0x00000001c7516000 	/System/Library/PrivateFrameworks/EmailFoundation.framework/Versions/A/EmailFoundation
0x0000000265133000 	/System/Library/PrivateFrameworks/PegasusAPI.framework/Versions/A/PegasusAPI
0x0000000265eef000 	/System/Library/PrivateFrameworks/PegasusConfiguration.framework/Versions/A/PegasusConfiguration
0x000000027a56a000 	/System/Library/PrivateFrameworks/ToolKit.framework/Versions/A/ToolKit
0x000000026a777000 	/System/Library/PrivateFrameworks/ReplicatorEngine.framework/Versions/A/ReplicatorEngine
0x000000026a932000 	/System/Library/PrivateFrameworks/ReplicatorServices.framework/Versions/A/ReplicatorServices
0x00000002771f0000 	/System/Library/PrivateFrameworks/SystemWake.framework/Versions/A/SystemWake
0x00000001b4247000 	/System/Library/PrivateFrameworks/ContextKit.framework/Versions/A/ContextKit
0x000000023e773000 	/System/Library/PrivateFrameworks/ContextKitCore.framework/Versions/A/ContextKitCore
0x00000001b27aa000 	/System/Library/Frameworks/LocalAuthentication.framework/Support/DaemonUtils.framework/Versions/A/DaemonUtils
0x000000025926f000 	/System/Library/PrivateFrameworks/LocalAuthenticationCoreUI.framework/Versions/A/LocalAuthenticationCoreUI
0x00000001b5c22000 	/System/Library/PrivateFrameworks/BridgeXPC.framework/Versions/A/BridgeXPC
0x00000001b3477000 	/System/Library/PrivateFrameworks/CoreKDL.framework/Versions/A/CoreKDL
0x00000001b1a9d000 	/System/Library/PrivateFrameworks/EmbeddedOSSupportHost.framework/Versions/A/EmbeddedOSSupportHost
0x00000001a65bb000 	/System/Library/PrivateFrameworks/LoginUIKit.framework/Versions/A/LoginUIKit
0x00000001c2592000 	/System/Library/PrivateFrameworks/StorageKit.framework/Versions/A/StorageKit
0x00000002296d2000 	/System/Library/Frameworks/DeviceCheck.framework/Versions/A/DeviceCheck
0x0000000245904000 	/System/Library/PrivateFrameworks/DiskImages2.framework/Versions/A/DiskImages2
0x00000001c260c000 	/System/Library/PrivateFrameworks/CoreWLANKit.framework/Versions/A/CoreWLANKit
0x00000002802d7000 	/System/Library/PrivateFrameworks/Wallpaper.framework/Versions/A/Wallpaper
0x0000000289fde000 	/usr/lib/swift/libswiftGLKit.dylib
0x0000000289fea000 	/usr/lib/swift/libswiftMetalKit.dylib
0x0000000289fec000 	/usr/lib/swift/libswiftModelIO.dylib
0x000000028a0af000 	/usr/lib/swift/libswiftSceneKit.dylib
0x00000001cb5ca000 	/System/Library/PrivateFrameworks/DynamicDesktop.framework/Versions/A/DynamicDesktop
0x000000028046a000 	/System/Library/PrivateFrameworks/WallpaperFoundation.framework/Versions/A/WallpaperFoundation
0x00000002804c9000 	/System/Library/PrivateFrameworks/WallpaperTypes.framework/Versions/A/WallpaperTypes
0x00000001e0c50000 	/System/Library/PrivateFrameworks/SystemDesktopAppearance.framework/Versions/A/SystemDesktopAppearance
0x0000000285e2d000 	/System/Library/PrivateFrameworks/icloudMCCKit.framework/Versions/A/icloudMCCKit
0x0000000238c2f000 	/System/Library/PrivateFrameworks/AppleAccountUI.framework/Versions/A/AppleAccountUI
0x00000001d4b0a000 	/System/Library/PrivateFrameworks/PreferencePanesSupport.framework/Versions/A/PreferencePanesSupport
0x00000001ba442000 	/System/Library/PrivateFrameworks/FindMyDeviceUI.framework/Versions/A/FindMyDeviceUI
0x0000000283a04000 	/System/Library/PrivateFrameworks/iCloudQuotaUI.framework/Versions/A/iCloudQuotaUI
0x00000001d4cbb000 	/System/Library/PrivateFrameworks/CoreCDPUI.framework/Versions/A/CoreCDPUI
0x00000001b3fa0000 	/System/Library/PrivateFrameworks/CoreFollowUpUI.framework/Versions/A/CoreFollowUpUI
0x00000001c1090000 	/System/Library/PrivateFrameworks/IMCore.framework/Versions/A/IMCore
0x00000001a919f000 	/System/Library/PrivateFrameworks/CoreCDP.framework/Versions/A/CoreCDP
0x00000001a4f7a000 	/System/Library/PrivateFrameworks/AskPermission.framework/Versions/A/AskPermission
0x00000001b7dc1000 	/System/Library/Frameworks/Quartz.framework/Versions/A/Quartz
0x00000001c4af7000 	/System/Library/PrivateFrameworks/CloudPhotoServicesConfiguration.framework/Versions/A/CloudPhotoServicesConfiguration
0x00000001b6443000 	/System/Library/PrivateFrameworks/CommerceKit.framework/Versions/A/CommerceKit
0x00000001c64f3000 	/System/Library/PrivateFrameworks/FindMyMac.framework/Versions/A/FindMyMac
0x00000001c63c3000 	/System/Library/Frameworks/PreferencePanes.framework/Versions/A/PreferencePanes
0x00000001b988a000 	/System/Library/Frameworks/AddressBook.framework/Versions/A/AddressBook
0x00000001a3e0d000 	/System/Library/PrivateFrameworks/AOSAccounts.framework/Versions/A/AOSAccounts
0x000000019df6a000 	/System/Library/PrivateFrameworks/AppleSRP.framework/Versions/A/AppleSRP
0x00000001a293a000 	/System/Library/PrivateFrameworks/NetFSServer.framework/Versions/A/NetFSServer
0x00000001b51ae000 	/System/Library/Frameworks/PDFKit.framework/Versions/A/PDFKit
0x000000028a002000 	/usr/lib/swift/libswiftPassKit.dylib
0x00000001d8d9a000 	/System/Library/Frameworks/PassKit.framework/Versions/A/PassKit
0x00000001a66ca000 	/System/Library/PrivateFrameworks/PassKitCore.framework/Versions/A/PassKitCore
0x0000000264a4c000 	/System/Library/PrivateFrameworks/PassKitMacHelperTemp.framework/Versions/A/PassKitMacHelperTemp
0x00000002884c0000 	/usr/lib/libAppleSSE.dylib
0x00000001b27f2000 	/System/Library/PrivateFrameworks/BiometricKit.framework/Versions/A/BiometricKit
0x000000026af90000 	/System/Library/PrivateFrameworks/SEService.framework/Versions/A/SEService
0x000000022cfd9000 	/System/Library/Frameworks/FinanceKit.framework/Versions/A/FinanceKit
0x00000001b7e6d000 	/System/Library/PrivateFrameworks/NearField.framework/Versions/A/NearField
0x000000026af07000 	/System/Library/PrivateFrameworks/SESShared.framework/Versions/A/SESShared
0x000000026b1f9000 	/System/Library/PrivateFrameworks/STSXPCHelperClient.framework/Versions/A/STSXPCHelperClient
0x00000001b9ca4000 	/usr/lib/libnfshared.dylib
0x0000000276f70000 	/System/Library/PrivateFrameworks/Symptoms.framework/Versions/A/Frameworks/SymptomPresentationFeed.framework/Versions/A/SymptomPresentationFeed
0x0000000239707000 	/System/Library/PrivateFrameworks/AppleMediaServicesKitInternal.framework/Versions/A/AppleMediaServicesKitInternal
0x0000000276cab000 	/System/Library/PrivateFrameworks/SymptomShared.framework/Versions/A/SymptomShared
0x00000001dbcde000 	/System/Library/PrivateFrameworks/PassKitUIFoundation.framework/Versions/A/PassKitUIFoundation
0x000000019d88d000 	/System/Library/Frameworks/MapKit.framework/Versions/A/MapKit
0x0000000250ad7000 	/System/Library/PrivateFrameworks/GeoAnalytics.framework/Versions/A/GeoAnalytics
0x00000001b9cd2000 	/System/Library/PrivateFrameworks/Navigation.framework/Versions/A/Navigation
0x00000001c3b78000 	/System/Library/PrivateFrameworks/VectorKit.framework/Versions/A/VectorKit
0x00000001aabe1000 	/System/Library/PrivateFrameworks/VirtualGarage.framework/Versions/A/VirtualGarage
0x00000001b9ecf000 	/System/Library/Frameworks/ExternalAccessory.framework/ExternalAccessory
0x00000001b9eea000 	/System/Library/PrivateFrameworks/IAP.framework/Versions/A/IAP
0x000000019db4f000 	/System/Library/PrivateFrameworks/IOPlatformPluginFamily.framework/Versions/A/IOPlatformPluginFamily
0x000000023aac7000 	/System/Library/PrivateFrameworks/AvatarKit.framework/Versions/A/AvatarKit
0x000000023ab86000 	/System/Library/PrivateFrameworks/AvatarPersistence.framework/Versions/A/AvatarPersistence
0x0000000233703000 	/System/Library/Frameworks/TipKit.framework/Versions/A/TipKit
0x00000001a6181000 	/System/Library/PrivateFrameworks/IMSharedUtilities.framework/Versions/A/IMSharedUtilities
0x0000000289fa3000 	/usr/lib/swift/libswiftAppleArchive.dylib
0x000000027cefb000 	/System/Library/PrivateFrameworks/VFX.framework/Versions/A/VFX
0x00000001d6938000 	/System/Library/PrivateFrameworks/AppleCVA.framework/Versions/A/AppleCVA
0x000000023ab85000 	/System/Library/PrivateFrameworks/AvatarKitContent.framework/Versions/A/AvatarKitContent
0x000000022ef2c000 	/System/Library/Frameworks/MetalFX.framework/Versions/A/MetalFX
0x000000023e2ec000 	/System/Library/PrivateFrameworks/CompositorNonUI.framework/Versions/A/CompositorNonUI
0x000000022b248000 	/System/Library/Frameworks/ARKit.framework/Versions/A/ARKit
0x0000000235f2e000 	/System/Library/PrivateFrameworks/ARKitCore.framework/Versions/A/ARKitCore
0x00000002885b1000 	/usr/lib/libDisplayWarpSupport.dylib
0x00000002405be000 	/System/Library/PrivateFrameworks/CoreComposite.framework/Versions/A/CoreComposite
0x0000000288f80000 	/usr/lib/libchannel.dylib
0x0000000289bfc000 	/usr/lib/librealtime_safety.dylib
0x0000000235fba000 	/System/Library/PrivateFrameworks/ARKitFoundation.framework/Versions/A/ARKitFoundation
0x0000000238ccb000 	/System/Library/PrivateFrameworks/AppleDepth.framework/Versions/A/AppleDepth
0x0000000238e48000 	/System/Library/PrivateFrameworks/AppleDepthCore.framework/Versions/A/AppleDepthCore
0x000000019dc8a000 	/System/Library/PrivateFrameworks/CoreAppleCVA.framework/Versions/A/CoreAppleCVA
0x00000001aad17000 	/System/Library/PrivateFrameworks/ContactsUICore.framework/Versions/A/ContactsUICore
0x00000001b261e000 	/System/Library/PrivateFrameworks/ContactsDonation.framework/Versions/A/ContactsDonation
0x00000001b1eda000 	/System/Library/PrivateFrameworks/DataDetectors.framework/Versions/A/DataDetectors
0x00000001a4592000 	/System/Library/Frameworks/MediaLibrary.framework/Versions/A/MediaLibrary
0x000000019ebb7000 	/System/Library/PrivateFrameworks/PersonaKit.framework/Versions/A/PersonaKit
0x00000001aad04000 	/System/Library/PrivateFrameworks/PersonaUI.framework/Versions/A/PersonaUI
0x00000001c5dd9000 	/System/Library/PrivateFrameworks/Transparency.framework/Versions/A/Transparency
0x0000000247463000 	/System/Library/PrivateFrameworks/FindMyLocate.framework/Versions/A/FindMyLocate
0x00000001b3f1d000 	/System/Library/PrivateFrameworks/IntlPreferences.framework/Versions/A/IntlPreferences
0x000000024461c000 	/System/Library/PrivateFrameworks/CoreTransparency.framework/Versions/A/CoreTransparency
0x0000000247337000 	/System/Library/PrivateFrameworks/FindMyCommon.framework/Versions/A/FindMyCommon
0x000000024710a000 	/System/Library/PrivateFrameworks/FindMyBase.framework/Versions/A/FindMyBase
0x00000002309c1000 	/System/Library/Frameworks/NearbyInteraction.framework/Versions/A/NearbyInteraction
0x000000019e7a6000 	/System/Library/PrivateFrameworks/AddressBookCore.framework/Versions/A/AddressBookCore
0x00000001b9a27000 	/System/Library/PrivateFrameworks/ToneKit.framework/Versions/A/ToneKit
0x00000001b3f64000 	/System/Library/PrivateFrameworks/ToneLibrary.framework/Versions/A/ToneLibrary
0x000000023e5f5000 	/System/Library/PrivateFrameworks/ContactsAccounts.framework/Versions/A/ContactsAccounts
0x00000001b7cd8000 	/System/Library/PrivateFrameworks/Lookup.framework/Versions/A/Lookup
0x00000002312e2000 	/System/Library/Frameworks/QuickLookUI.framework/Versions/A/QuickLookUI
0x0000000231d0f000 	/System/Library/Frameworks/ScreenCaptureKit.framework/Versions/A/ScreenCaptureKit
0x00000001b4ccd000 	/System/Library/Frameworks/Quartz.framework/Versions/A/Frameworks/QuartzComposer.framework/Versions/A/QuartzComposer
0x00000001b3ef4000 	/System/Library/Frameworks/Quartz.framework/Versions/A/Frameworks/QuartzFilters.framework/Versions/A/QuartzFilters
0x00000001b2f7b000 	/System/Library/Frameworks/Quartz.framework/Versions/A/Frameworks/ImageKit.framework/Versions/A/ImageKit
0x000000022b049000 	/System/Library/Frameworks/OpenCL.framework/Versions/A/OpenCL
0x00000001b1477000 	/System/Library/PrivateFrameworks/CorePDF.framework/Versions/A/CorePDF
0x000000019b7de000 	/System/Library/Frameworks/QuickLook.framework/Versions/A/QuickLook
0x00000001a65b6000 	/System/Library/PrivateFrameworks/DisplayServices.framework/Versions/A/DisplayServices
0x00000001b3e78000 	/System/Library/Frameworks/ImageCaptureCore.framework/Versions/A/ImageCaptureCore
0x000000027ee19000 	/System/Library/PrivateFrameworks/VisionKitCore.framework/Versions/A/VisionKitCore
0x00000001af551000 	/System/Library/PrivateFrameworks/QuickLookSupport.framework/Versions/A/QuickLookSupport
0x000000025dbd9000 	/System/Library/PrivateFrameworks/MediaAnalysisServices.framework/Versions/A/MediaAnalysisServices
0x00000001b6c61000 	/System/Library/PrivateFrameworks/PhotoLibraryServices.framework/Versions/A/PhotoLibraryServices
0x00000001b3a89000 	/System/Library/Frameworks/Photos.framework/Versions/A/Photos
0x00000001c88e7000 	/System/Library/PrivateFrameworks/PhotosFormats.framework/Versions/A/PhotosFormats
0x000000027df54000 	/System/Library/PrivateFrameworks/VectorSearch.framework/Versions/A/VectorSearch
0x00000001c4b23000 	/System/Library/PrivateFrameworks/CloudPhotoLibrary.framework/Versions/A/CloudPhotoLibrary
0x00000001ce381000 	/System/Library/PrivateFrameworks/CloudPhotoServices.framework/Versions/A/CloudPhotoServices
0x00000001ca7c5000 	/System/Library/PrivateFrameworks/CoreMediaStream.framework/Versions/A/CoreMediaStream
0x000000019f286000 	/System/Library/PrivateFrameworks/CPAnalytics.framework/Versions/A/CPAnalytics
0x00000001c6b4f000 	/System/Library/PrivateFrameworks/MediaConversionService.framework/Versions/A/MediaConversionService
0x00000001a616d000 	/System/Library/PrivateFrameworks/PhotoFoundation.framework/Versions/A/PhotoFoundation
0x000000026651b000 	/System/Library/PrivateFrameworks/PhotoLibraryServicesCore.framework/Versions/A/PhotoLibraryServicesCore
0x00000001c0777000 	/System/Library/PrivateFrameworks/MMCS.framework/Versions/A/MMCS
0x00000001a43ed000 	/System/Library/PrivateFrameworks/ChunkingLibrary.framework/Versions/A/ChunkingLibrary
0x000000019df37000 	/System/Library/PrivateFrameworks/AssetCacheServices.framework/Versions/A/AssetCacheServices
0x000000019ff32000 	/System/Library/PrivateFrameworks/AVFoundationCF.framework/Versions/A/AVFoundationCF
0x00000001ded51000 	/usr/lib/swift/libswiftDemangle.dylib
0x0000000253faa000 	/System/Library/PrivateFrameworks/ImageCaptureDevices.framework/Versions/A/ImageCaptureDevices
0x00000001b219f000 	/System/Library/PrivateFrameworks/MediaStream.framework/Versions/A/MediaStream
0x00000001c703d000 	/System/Library/PrivateFrameworks/NeutrinoCore.framework/Versions/A/NeutrinoCore
0x000000018d168000 	/System/Library/PrivateFrameworks/NLP.framework/Versions/A/NLP
0x00000001cd0d6000 	/System/Library/PrivateFrameworks/PhotoImaging.framework/Versions/A/PhotoImaging
0x00000001ce342000 	/System/Library/PrivateFrameworks/PhotosImagingFoundation.framework/Versions/A/PhotosImagingFoundation
0x00000002670c8000 	/System/Library/PrivateFrameworks/PhotosIntelligenceCore.framework/Versions/A/PhotosIntelligenceCore
0x00000001a03ca000 	/System/Library/PrivateFrameworks/EmbeddedAcousticRecognition.framework/Versions/A/EmbeddedAcousticRecognition
0x00000001bbc5a000 	/System/Library/PrivateFrameworks/EmojiFoundation.framework/Versions/A/EmojiFoundation
0x00000001c4d9d000 	/System/Library/PrivateFrameworks/SDAPI.framework/Versions/A/SDAPI
0x0000000257d14000 	/System/Library/PrivateFrameworks/IsolatedContextLogging.framework/Versions/A/IsolatedContextLogging
0x00000001ce390000 	/System/Library/PrivateFrameworks/AutoLoop.framework/Versions/A/AutoLoop
0x0000000267cee000 	/System/Library/PrivateFrameworks/Portrait.framework/Versions/A/Portrait
0x0000000247b88000 	/System/Library/PrivateFrameworks/FusionTracker.framework/Versions/A/FusionTracker
0x00000001b4750000 	/System/Library/PrivateFrameworks/iTunesCloud.framework/Versions/A/iTunesCloud
0x00000001bdb84000 	/System/Library/PrivateFrameworks/DAAPKit.framework/Versions/A/DAAPKit
0x00000001af8eb000 	/System/Library/PrivateFrameworks/DeviceManagement.framework/Versions/A/DeviceManagement
0x00000001d4436000 	/System/Library/PrivateFrameworks/ScreenTimeUI.framework/Versions/A/ScreenTimeUI
0x00000001b1ed4000 	/System/Library/PrivateFrameworks/QuickLookNonBaseSystem.framework/Versions/A/QuickLookNonBaseSystem
0x00000001b26f5000 	/System/Library/PrivateFrameworks/Catalyst.framework/Versions/A/Catalyst
0x00000001b4118000 	/System/Library/PrivateFrameworks/ScreenTimeCore.framework/Versions/A/ScreenTimeCore
0x00000001c7d44000 	/System/Library/PrivateFrameworks/ScreenTimeServiceUI.framework/Versions/A/ScreenTimeServiceUI
0x00000001c0909000 	/System/Library/PrivateFrameworks/ConfigurationEngineModel.framework/Versions/A/ConfigurationEngineModel
0x00000001c3b32000 	/System/Library/PrivateFrameworks/UsageTracking.framework/Versions/A/UsageTracking
0x000000022cc26000 	/System/Library/Frameworks/DeviceActivity.framework/Versions/A/DeviceActivity
0x00000001c3b01000 	/System/Library/PrivateFrameworks/KnowledgeMonitor.framework/Versions/A/KnowledgeMonitor
0x00000001dbc84000 	/System/Library/PrivateFrameworks/BluetoothManager.framework/Versions/A/BluetoothManager
0x000000022e2b6000 	/System/Library/Frameworks/ManagedSettings.framework/Versions/A/ManagedSettings
0x000000025d329000 	/System/Library/PrivateFrameworks/ManagedSettingsSupport.framework/Versions/A/ManagedSettingsSupport
0x00000001d8e6b000 	/System/Library/Frameworks/ReplayKit.framework/Versions/A/ReplayKit
0x00000001a75d3000 	/System/Library/PrivateFrameworks/MarkupUI.framework/Versions/A/MarkupUI
0x00000001b1eab000 	/System/Library/PrivateFrameworks/SidecarCore.framework/Versions/A/SidecarCore
0x00000001b4b81000 	/System/Library/PrivateFrameworks/AnnotationKit.framework/Versions/A/AnnotationKit
0x00000001b31ae000 	/System/Library/Frameworks/PencilKit.framework/Versions/A/PencilKit
0x00000001b3372000 	/System/Library/PrivateFrameworks/SidecarUI.framework/Versions/A/SidecarUI
0x00000001b2b19000 	/System/Library/PrivateFrameworks/CoreHandwriting.framework/Versions/A/CoreHandwriting
0x0000000186d52000 	/usr/lib/libmecabra.dylib
0x00000001ab312000 	/System/Library/PrivateFrameworks/Calculate.framework/Versions/A/Calculate
0x0000000196bb9000 	/usr/lib/libChineseTokenizer.dylib
0x00000001ea7c9000 	/System/Library/PrivateFrameworks/ScreenReaderCore.framework/Versions/A/ScreenReaderCore
0x00000002762ff000 	/System/Library/PrivateFrameworks/StocksKit.framework/Versions/A/StocksKit
0x00000001aa2b9000 	/System/Library/PrivateFrameworks/OAuth.framework/Versions/A/OAuth
0x0000000275ff5000 	/System/Library/PrivateFrameworks/StocksCore.framework/Versions/A/StocksCore
0x0000000277506000 	/System/Library/PrivateFrameworks/TeaFoundation.framework/Versions/A/TeaFoundation
0x00000002776ed000 	/System/Library/PrivateFrameworks/TeaSettings.framework/Versions/A/TeaSettings
0x00000001e046d000 	/System/Library/PrivateFrameworks/NewsCore.framework/Versions/A/NewsCore
0x00000002774a3000 	/System/Library/PrivateFrameworks/TeaDB.framework/Versions/A/TeaDB
0x00000001dcdfc000 	/System/Library/PrivateFrameworks/RemoteConfiguration.framework/Versions/A/RemoteConfiguration
0x00000001e0054000 	/System/Library/PrivateFrameworks/NewsTransport.framework/Versions/A/NewsTransport
0x00000001e045d000 	/System/Library/PrivateFrameworks/NewsFoundation.framework/Versions/A/NewsFoundation
0x0000000262c1c000 	/System/Library/PrivateFrameworks/NewsURLBucket.framework/Versions/A/NewsURLBucket
0x00000001b6860000 	/System/Library/PrivateFrameworks/MobileInstallation.framework/Versions/A/MobileInstallation
0x000000023386c000 	/System/Library/Frameworks/Translation.framework/Versions/A/Translation
0x00000001cfd6b000 	/System/Library/PrivateFrameworks/RevealCore.framework/Versions/A/RevealCore
0x00000001cfd5f000 	/System/Library/PrivateFrameworks/Reveal.framework/Versions/A/Reveal
0x00000001c79ef000 	/System/Library/Frameworks/Speech.framework/Versions/A/Speech
0x0000000234d5d000 	/System/Library/PrivateFrameworks/AIMLExperimentationAnalytics.framework/Versions/A/AIMLExperimentationAnalytics
0x0000000237203000 	/System/Library/PrivateFrameworks/AlgorithmsInternal.framework/Versions/A/AlgorithmsInternal
0x000000027ae6f000 	/System/Library/PrivateFrameworks/TranslationUIServices.framework/Versions/A/TranslationUIServices
0x0000000279bc1000 	/System/Library/PrivateFrameworks/TipKitCore.framework/Versions/A/TipKitCore
0x00000001bbcdf000 	/System/Library/PrivateFrameworks/CoreCDPInternal.framework/Versions/A/CoreCDPInternal
0x0000000254784000 	/System/Library/PrivateFrameworks/InputAnalytics.framework/Versions/A/InputAnalytics
0x00000001c198a000 	/System/Library/Frameworks/InstantMessage.framework/Versions/A/InstantMessage
0x00000001b9795000 	/System/Library/PrivateFrameworks/IDSKVStore.framework/Versions/A/IDSKVStore
0x00000001b9438000 	/System/Library/PrivateFrameworks/IMDPersistence.framework/Versions/A/IMDPersistence
0x000000027cdf5000 	/System/Library/PrivateFrameworks/UserSafety.framework/Versions/A/UserSafety
0x00000001dad0d000 	/System/Library/PrivateFrameworks/BlastDoor.framework/Versions/A/BlastDoor
0x0000000258e7b000 	/System/Library/PrivateFrameworks/LinkPresentationStyleSheetParsing.framework/Versions/A/LinkPresentationStyleSheetParsing
0x0000000267eaf000 	/System/Library/PrivateFrameworks/PosterFoundation.framework/Versions/A/PosterFoundation
0x0000000267f3d000 	/System/Library/PrivateFrameworks/PosterModel.framework/Versions/A/PosterModel
0x0000000267f17000 	/System/Library/PrivateFrameworks/PosterFuturesKit.framework/Versions/A/PosterFuturesKit
0x0000000246ee2000 	/System/Library/PrivateFrameworks/FeedbackService.framework/Versions/A/FeedbackService
0x00000001b2572000 	/System/Library/PrivateFrameworks/CoreSDB.framework/Versions/A/CoreSDB
0x000000023a246000 	/System/Library/PrivateFrameworks/AskToCore.framework/Versions/A/AskToCore
0x00000001d4cb8000 	/System/Library/PrivateFrameworks/MachineSettings.framework/Versions/A/MachineSettings
0x00000001c633c000 	/System/Library/PrivateFrameworks/BezelServices.framework/Versions/A/BezelServices
0x00000001bdc0f000 	/System/Library/PrivateFrameworks/SPOwner.framework/Versions/A/SPOwner
0x00000001b64a8000 	/System/Library/PrivateFrameworks/FMCore.framework/Versions/A/FMCore
0x0000000283956000 	/System/Library/PrivateFrameworks/iCloudQuota.framework/Versions/A/iCloudQuota
0x00000001aac7d000 	/System/Library/PrivateFrameworks/CoreRecognition.framework/Versions/A/CoreRecognition
0x00000001c63fc000 	/System/Library/PrivateFrameworks/InAppMessages.framework/Versions/A/InAppMessages
0x00000001e937c000 	/System/Library/PrivateFrameworks/JetUI.framework/Versions/A/JetUI
0x0000000258073000 	/System/Library/PrivateFrameworks/JetPack.framework/Versions/A/JetPack
0x00000001c63f3000 	/System/Library/PrivateFrameworks/InAppMessagesCore.framework/Versions/A/InAppMessagesCore
0x0000000282d6c000 	/System/Library/PrivateFrameworks/_JetEngine_SwiftUI.framework/Versions/A/_JetEngine_SwiftUI
0x0000000276f99000 	/System/Library/PrivateFrameworks/Synapse.framework/Versions/A/Synapse
0x000000023c4ec000 	/System/Library/PrivateFrameworks/CSExattrCrypto.framework/Versions/A/CSExattrCrypto
0x00000001b79cf000 	/System/Library/PrivateFrameworks/StoreFoundation.framework/Versions/A/StoreFoundation
0x00000001b64a2000 	/System/Library/PrivateFrameworks/ServerInformation.framework/Versions/A/ServerInformation
0x00000001b5eb8000 	/System/Library/PrivateFrameworks/Install.framework/Frameworks/DistributionKit.framework/Versions/A/DistributionKit
0x00000001af325000 	/System/Library/PrivateFrameworks/PackageKit.framework/Versions/A/PackageKit
0x00000001b5edb000 	/System/Library/PrivateFrameworks/OSPersonalization.framework/Versions/A/OSPersonalization
0x00000001b7f35000 	/System/Library/PrivateFrameworks/BridgeOSSoftwareUpdate.framework/Versions/A/BridgeOSSoftwareUpdate
0x00000001b2a18000 	/System/Library/PrivateFrameworks/StorageManagement.framework/Versions/A/StorageManagement
0x00000001c786f000 	/usr/lib/libauthinstall.dylib
0x00000001b7f3e000 	/System/Library/PrivateFrameworks/InstallerDiagnostics.framework/Versions/A/InstallerDiagnostics
0x00000001c7f2b000 	/usr/lib/libcrypto.42.dylib
0x000000028a4df000 	/usr/lib/updaters/libAppleTconUARPUpdater.dylib
0x000000028a674000 	/usr/lib/updaters/libT200Updater.dylib
0x00000001b7f23000 	/System/Library/PrivateFrameworks/GPUInfo.framework/Versions/A/GPUInfo
0x00000001c64f9000 	/System/Library/PrivateFrameworks/MobileActivationMacOS.framework/Versions/A/MobileActivationMacOS
0x00000001aa1fe000 	/System/Library/PrivateFrameworks/AccountsDaemon.framework/Versions/A/AccountsDaemon
0x00000001b7f81000 	/System/Library/PrivateFrameworks/AOSKit.framework/Versions/A/AOSKit
0x0000000196ce8000 	/System/Library/PrivateFrameworks/AppSSOCore.framework/Versions/A/AppSSOCore
0x000000023ac92000 	/System/Library/PrivateFrameworks/BackgroundSystemTasks.framework/Versions/A/BackgroundSystemTasks
0x00000001a2974000 	/System/Library/PrivateFrameworks/DuetActivityScheduler.framework/Versions/A/DuetActivityScheduler
0x00000001c4a4e000 	/System/Library/PrivateFrameworks/NetworkServiceProxy.framework/Versions/A/NetworkServiceProxy
0x000000019dbc3000 	/usr/lib/libnetworkextension.dylib
0x0000000276cbb000 	/System/Library/PrivateFrameworks/Symptoms.framework/Versions/A/Frameworks/SymptomAnalytics.framework/Versions/A/SymptomAnalytics
0x000000019a6fb000 	/System/Library/Frameworks/NetworkExtension.framework/Versions/A/NetworkExtension
0x00000001a1090000 	/System/Library/PrivateFrameworks/CoreDuetContext.framework/Versions/A/CoreDuetContext
0x000000018b7bc000 	/System/Library/PrivateFrameworks/CoreDuet.framework/Versions/A/CoreDuet
0x00000001a5ea7000 	/System/Library/PrivateFrameworks/AssistantServices.framework/Versions/A/AssistantServices
0x00000001a0075000 	/System/Library/PrivateFrameworks/SAObjects.framework/Versions/A/SAObjects
0x00000001a5a8e000 	/System/Library/PrivateFrameworks/MediaRemote.framework/Versions/A/MediaRemote
0x0000000273829000 	/System/Library/PrivateFrameworks/SiriTTSService.framework/Versions/A/SiriTTSService
0x000000026df25000 	/System/Library/PrivateFrameworks/SiriCrossDeviceArbitration.framework/Versions/A/SiriCrossDeviceArbitration
0x0000000246a6c000 	/System/Library/PrivateFrameworks/FaceTimeNameUtility.framework/Versions/A/FaceTimeNameUtility
0x000000026df79000 	/System/Library/PrivateFrameworks/SiriCrossDeviceArbitrationFeedback.framework/Versions/A/SiriCrossDeviceArbitrationFeedback
0x00000001c6d81000 	/System/Library/PrivateFrameworks/UIKitServices.framework/Versions/A/UIKitServices
0x00000001aaa8d000 	/System/Library/PrivateFrameworks/MediaServices.framework/Versions/A/MediaServices
0x0000000197131000 	/System/Library/PrivateFrameworks/PersistentConnection.framework/Versions/A/PersistentConnection
0x000000027510c000 	/System/Library/PrivateFrameworks/SonicFoundation.framework/Versions/A/SonicFoundation
0x00000001ba495000 	/usr/lib/libtailspin.dylib
0x00000001ce4a2000 	/System/Library/PrivateFrameworks/Osprey.framework/Versions/A/Osprey
0x0000000272ea9000 	/System/Library/PrivateFrameworks/SiriTTS.framework/Versions/A/SiriTTS
0x0000000271a69000 	/System/Library/PrivateFrameworks/SiriPowerInstrumentation.framework/Versions/A/SiriPowerInstrumentation
0x00000002774a1000 	/System/Library/PrivateFrameworks/TailspinSymbolication.framework/Versions/A/TailspinSymbolication
0x0000000244dc2000 	/System/Library/PrivateFrameworks/Darwinup.framework/Versions/A/Darwinup
0x00000001c6b8a000 	/System/Library/PrivateFrameworks/SignpostSupport.framework/Versions/A/SignpostSupport
0x00000001b24ff000 	/System/Library/PrivateFrameworks/FeatureFlagsSupport.framework/Versions/A/FeatureFlagsSupport
0x00000001c624a000 	/System/Library/PrivateFrameworks/ktrace.framework/Versions/A/ktrace
0x00000001c6db9000 	/System/Library/PrivateFrameworks/SampleAnalysis.framework/Versions/A/SampleAnalysis
0x00000001cfd39000 	/System/Library/PrivateFrameworks/kperfdata.framework/Versions/A/kperfdata
0x000000019b91c000 	/usr/lib/libdscsym.dylib
0x00000001d020e000 	/System/Library/PrivateFrameworks/BulkSymbolication.framework/Versions/A/BulkSymbolication
0x00000001a3ac2000 	/System/Library/PrivateFrameworks/CoreDuetDaemonProtocol.framework/Versions/A/CoreDuetDaemonProtocol
0x00000001b7850000 	/System/Library/PrivateFrameworks/CaptiveNetwork.framework/Versions/A/CaptiveNetwork
0x00000001a1ebb000 	/System/Library/PrivateFrameworks/EAP8021X.framework/Versions/A/EAP8021X
0x0000000244b88000 	/System/Library/PrivateFrameworks/CryptoKitPrivate.framework/Versions/A/CryptoKitPrivate
0x00000001b1acd000 	/System/Library/PrivateFrameworks/FindMyDevice.framework/Versions/A/FindMyDevice
0x00000001a66a9000 	/System/Library/PrivateFrameworks/FMCoreLite.framework/Versions/A/FMCoreLite
0x00000001947e0000 	/System/Library/Frameworks/ServiceManagement.framework/Versions/A/ServiceManagement
0x000000012dc04000 	/private/var/folders/7k/8cjmdq6x6kl0rpx4w6sptr6h0000gn/T/lwjgl_liza/3.3.6+1/arm64/libopenal.dylib
0x000000012e078000 	/System/Library/Components/CoreAudio.component/Contents/MacOS/CoreAudio
0x000000010659c000 	/System/Library/Frameworks/Security.framework/Versions/A/PlugIns/csparser.bundle/Contents/MacOS/csparser
0x00000001b93b6000 	/System/Library/Frameworks/Accelerate.framework/Versions/A/Frameworks/vImage.framework/Versions/A/Libraries/libCGInterfaces.dylib
0x0000000130b8c000 	/System/Library/Extensions/AGXMetalG16G_B0.bundle/Contents/MacOS/AGXMetalG16G_B0
0x00000001aa927000 	/System/Library/PrivateFrameworks/IOGPU.framework/Versions/A/IOGPU
0x000000022aec7000 	/System/Library/Frameworks/OpenGL.framework/Versions/A/Resources/GLEngine.bundle/GLEngine
0x000000022ad67000 	/System/Library/Frameworks/OpenGL.framework/Versions/A/Libraries/libGLProgrammability.dylib
0x000000012db04000 	/System/Library/Extensions/AppleMetalOpenGLRenderer.bundle/Contents/MacOS/AppleMetalOpenGLRenderer
0x000000022b025000 	/System/Library/Frameworks/OpenGL.framework/Versions/A/Resources/GLRendererFloat.bundle/GLRendererFloat
0x0000000130340000 	/private/var/folders/7k/8cjmdq6x6kl0rpx4w6sptr6h0000gn/T/lwjgl_liza/3.3.6+1/arm64/liblwjgl_opengl.dylib
0x0000000277cbb000 	/System/Library/PrivateFrameworks/TextInputUI.framework/Versions/A/TextInputUI
0x0000000277cf1000 	/System/Library/PrivateFrameworks/TextInputUIMacHelper.framework/Versions/A/TextInputUIMacHelper
0x00000001bc9d3000 	/System/Library/PrivateFrameworks/SafariPlatformSupport.framework/Versions/A/SafariPlatformSupport

JVMTI agents: none


VM Arguments:
jvm_args: --enable-native-access=ALL-UNNAMED -Dfile.encoding=UTF-8 -Duser.country=UA -Duser.language=ru -Duser.variant 
java_command: com.graphics.Main
java_class_path (initial): /Users/liza/IdeaProjects/rustorio/build/classes/java/main:/Users/liza/IdeaProjects/rustorio/build/resources/main:/Users/liza/.gradle/caches/modules-2/files-2.1/com.badlogicgames.gdx/gdx-backend-lwjgl3/1.14.2/b92aa68b24236fcd63d2158439ce8362ef45c05e/gdx-backend-lwjgl3-1.14.2.jar:/Users/liza/.gradle/caches/modules-2/files-2.1/com.badlogicgames.gdx/gdx/1.14.2/919153aed4ce12001e86c38ac3dc5cdfe1954898/gdx-1.14.2.jar:/Users/liza/.gradle/caches/modules-2/files-2.1/org.jspecify/jspecify/1.0.0/7425a601c1c7ec76645a78d22b8c6a627edee507/jspecify-1.0.0.jar:/Users/liza/.gradle/caches/modules-2/files-2.1/com.fasterxml.jackson.core/jackson-annotations/2.18.2/985d77751ebc7fce5db115a986bc9aa82f973f4a/jackson-annotations-2.18.2.jar:/Users/liza/.gradle/caches/modules-2/files-2.1/com.fasterxml.jackson.core/jackson-core/2.18.2/fb64ccac5c27dca8819418eb4e443a9f496d9ee7/jackson-core-2.18.2.jar:/Users/liza/.gradle/caches/modules-2/files-2.1/com.fasterxml.jackson.core/jackson-databind/2.18.2/deef8697b92141fb6caf7aa86966cff4eec9b04f/jackson-databind-2.18.2.jar:/Users/liza/.gradle/caches/modules-2/files-2.1/com.badlogicgames.gdx/gdx-platform/1.14.2/95359e0129fe5393bc6f9b597f33e14ae024d0f7/gdx-platform-1.14.2-natives-desktop.jar:/Users/liza/.gradle/caches/modules-2/files-2.1/com.badlogicgames.gdx/gdx-jnigen-loader/2.5.2/f35e90affe07c46b4f5e5958a1a4c1820c4890e2/gdx-jnigen-loader-2.5.2.jar:/Users/liza/.gradle/caches/modules-2/files-2.1/org.lwjgl/lwjgl-glfw/3.3.6/7119f7d0eeb1e5502ff0ca71d2b4d47317da015/lwjgl-glfw-3.3.6.jar:/Users/liza/.gradle/caches/modules-2/files-2.1/org.lwjgl/lwjgl-glfw/3.3.6/797e0965709ad180d9b00c88a086dbda15002203/lwjgl-glfw-3.3.6-natives-linux.jar:/Users/liza/.gradle/caches/modules-2/files-2.1/org.lwjgl/lwjgl-glfw/3.3.6/671adf04a6bc4f792af13892e37f804be30b7070/lwjgl-glfw-3.3.6-natives-linux-arm32.jar:/Users/liza/.gradle/caches/modules-2/files-2.1/org.lwjgl/lwjgl-glfw/3.3.6/b54023af492b4c2c72451f3a7aa0f385e9969474/lwjgl-glfw-3.3.6-natives-linux-arm64.jar:/Users/liza/.gradle/caches/modules-2/files-2.1/org.lwjgl/lwjgl-glfw/3.3.6/82c8d748a654241b5961ddd1c098e8b648e38a48/lwjgl-glfw-3.3.6-natives-macos.jar:/Users/liza/.gradle/caches/modules-2/files-2.1/org.lwjgl/lwjgl-glfw/3.3.6/399b42b491c5dfa6595ae6fd79dcba61b93538a7/lwjgl-glfw-3.3.6-natives-macos-arm64.jar:/Users/liza/.gradle/caches/modules-2/files-2.1/org.lwjgl/lwjgl-glfw/3.3.6/99ef08056feb9627f90425a4d2a22cd9fae8e39b/lwjgl-glfw-3.3.6-natives-windows.jar:/Users/liza/.gradle/caches/modules-2/files-2.1/org.lwjgl/lwjgl-glfw/3.3.6/cfa8f1e96d572ed56da5945adf5167628f5eecdb/lwjgl-glfw-3.3.6-natives-windows-x86.jar:/Users/liza/.gradle/caches/modules-2/files-2.1/org.lwjgl/lwjgl-jemalloc/3.3.6/245910eb57f2444429c74e6bf96030e5ec0a6739/lwjgl-jemalloc-3.3.6.jar:/Users/liza/.gradle/caches/modules-2/files-2.1/org.lwjgl/lwjgl-jemalloc/3.3.6/26f8b467dc2e0f3000d608de3564b572bb46f927/lwjgl-jemalloc-3.3.6-natives-linux.jar:/Users/liza/.gradle/caches/modules-2/files-2.1/org.lwjgl/lwjgl-jemalloc/3.3.6/c484cae39a718010dbc7931fe5e12664600a13c2/lwjgl-jemalloc-3.3.6-natives-linux-arm32.jar:/Users/liza/.gradle/caches/modules-2/files-2.1/org.lwjgl/lwjgl-jemalloc/3.3.6/1bc2e16e70df7f418d668c2984ac8066f1f6f5b1/lwjgl-jemalloc-3.3.6-natives-linux-arm64.jar:/Users/liza/.gradle/caches/modules-2/files-2.1/org.lwjgl/lwjgl-jemalloc/3.3.6/9a42df0f2e9747815490311d7db7b4a046d5f40/lwjgl-jemalloc-3.3.6-natives-macos.jar:/Users/liza/.gradle/caches/modules-2/files-2.1/org.lwjgl/lwjgl-jemalloc/3.3.6/1f828c1fc06792475850162725433adf5ad001c0/lwjgl-jemalloc-3.3.6-natives-macos-arm64.jar:/Users/liza/.gradle/caches/modules-2/files-2.1/org.lwjgl/lwjgl-jemalloc/3.3.6/f9da76351e14a695be172d6915c8a7b2905307f/lwjgl-jemalloc-3.3.6-natives-windows.jar:/Users/liza/.gradle/caches/modules-2/files-2.1/org.lwjgl/lwjgl-jemalloc/3.3.6/c86043a342a33e5d32fabf962578580633db3c6e/lwjgl-jemalloc-3.3.6-natives-windows-x86.jar:/Users/liza/.gradle/caches/modules-2/files-2.1/org.lwjgl/lwjgl-openal/3.3.6/ad313317ff399fd2a7f4dd74716a68cf3976c6ad/lwjgl-openal-3.3.6.jar:/Users/liza/.gradle/caches/modules-2/files-2.1/org.lwjgl/lwjgl-openal/3.3.6/ef356c04ef141d4efbde07793f31784f1f1a1bae/lwjgl-openal-3.3.6-natives-linux.jar:/Users/liza/.gradle/caches/modules-2/files-2.1/org.lwjgl/lwjgl-openal/3.3.6/7830af894fa110e65bf5075deb9183efbdbc50f5/lwjgl-openal-3.3.6-natives-linux-arm32.jar:/Users/liza/.gradle/caches/modules-2/files-2.1/org.lwjgl/lwjgl-openal/3.3.6/fd2c17603c63e8d543cb57d1db77ebd4574f3b7a/lwjgl-openal-3.3.6-natives-linux-arm64.jar:/Users/liza/.gradle/caches/modules-2/files-2.1/org.lwjgl/lwjgl-openal/3.3.6/c39f6827f0bd97601fc4e389801d5c813f59a5f2/lwjgl-openal-3.3.6-natives-macos.jar:/Users/liza/.gradle/caches/modules-2/files-2.1/org.lwjgl/lwjgl-openal/3.3.6/13f692aec4ae4b2d3c468aa0008472175f0ea1e0/lwjgl-openal-3.3.6-natives-macos-arm64.jar:/Users/liza/.gradle/caches/modules-2/files-2.1/org.lwjgl/lwjgl-openal/3.3.6/9c2b9b660e085bb0b47a4453dc0e26f24a5475e4/lwjgl-openal-3.3.6-natives-windows.jar:/Users/liza/.gradle/caches/modules-2/files-2.1/org.lwjgl/lwjgl-openal/3.3.6/82f693541d69aa125750bf8be9c4194435c56f03/lwjgl-openal-3.3.6-natives-windows-x86.jar:/Users/liza/.gradle/caches/modules-2/files-2.1/org.lwjgl/lwjgl-opengl/3.3.6/ac2532612a4df374e9a9282bcf8ce2573018ebbb/lwjgl-opengl-3.3.6.jar:/Users/liza/.gradle/caches/modules-2/files-2.1/org.lwjgl/lwjgl-opengl/3.3.6/b8dc6467fe232d552793c53dc56f9fa8a385299c/lwjgl-opengl-3.3.6-natives-linux.jar:/Users/liza/.gradle/caches/modules-2/files-2.1/org.lwjgl/lwjgl-opengl/3.3.6/ee815fbf454b916f13c10fff62e513eb09042ef0/lwjgl-opengl-3.3.6-natives-linux-arm32.jar:/Users/liza/.gradle/caches/modules-2/files-2.1/org.lwjgl/lwjgl-opengl/3.3.6/44de180f79e0b45c9e5bee10ca7540dcb5ddd373/lwjgl-opengl-3.3.6-natives-linux-arm64.jar:/Users/liza/.gradle/caches/modules-2/files-2.1/org.lwjgl/lwjgl-opengl/3.3.6/59f708eb4bf0be0204bbc9c06807911724673db6/lwjgl-opengl-3.3.6-natives-macos.jar:/Users/liza/.gradle/caches/modules-2/files-2.1/org.lwjgl/lwjgl-opengl/3.3.6/fee4fb2ee786af6530b6f9188205a76bc4e05268/lwjgl-opengl-3.3.6-natives-macos-arm64.jar:/Users/liza/.gradle/caches/modules-2/files-2.1/org.lwjgl/lwjgl-opengl/3.3.6/18dc639ebc94aa5202c2157f7490d28997b697c5/lwjgl-opengl-3.3.6-natives-windows.jar:/Users/liza/.gradle/caches/modules-2/files-2.1/org.lwjgl/lwjgl-opengl/3.3.6/b0ab1d0e315d2fcc50d6cab7e8feaf4688d5d9a0/lwjgl-opengl-3.3.6-natives-windows-x86.jar:/Users/liza/.gradle/caches/modules-2/files-2.1/org.lwjgl/lwjgl-stb/3.3.6/e2d3739dcfe7b672b626ded66d94f6587083306e/lwjgl-stb-3.3.6.jar:/Users/liza/.gradle/caches/modules-2/files-2.1/org.lwjgl/lwjgl-stb/3.3.6/78f27d07accd70ca857049ea9fa0dc7d2f3875dc/lwjgl-stb-3.3.6-natives-linux.jar:/Users/liza/.gradle/caches/modules-2/files-2.1/org.lwjgl/lwjgl-stb/3.3.6/f47bac442afcb7fd014af7d90892024fe3c0d920/lwjgl-stb-3.3.6-natives-linux-arm32.jar:/Users/liza/.gradle/caches/modules-2/files-2.1/org.lwjgl/lwjgl-stb/3.3.6/397f588f867e9c4faf1a34231344c9209dabc052/lwjgl-stb-3.3.6-natives-linux-arm64.jar:/Users/liza/.gradle/caches/modules-2/files-2.1/org.lwjgl/lwjgl-stb/3.3.6/d18b8016b1d458327ba987d398d7dd4fd20fb115/lwjgl-stb-3.3.6-natives-macos.jar:/Users/liza/.gradle/caches/modules-2/files-2.1/org.lwjgl/lwjgl-stb/3.3.6/1a0c5e9e5a8b049dccad7b7b137aab44f14c5d25/lwjgl-stb-3.3.6-natives-macos-arm64.jar:/Users/liza/.gradle/caches/modules-2/files-2.1/org.lwjgl/lwjgl-stb/3.3.6/334cf885b39e2db9070c39e70e65efb136435f10/lwjgl-stb-3.3.6-natives-windows.jar:/Users/liza/.gradle/caches/modules-2/files-2.1/org.lwjgl/lwjgl-stb/3.3.6/bfe841629fc2ed6d772693c3a40a0c4b355567c9/lwjgl-stb-3.3.6-natives-windows-x86.jar:/Users/liza/.gradle/caches/modules-2/files-2.1/org.lwjgl/lwjgl/3.3.6/ce7721d30cfaf47feaed10213e0c43eb55c49d68/lwjgl-3.3.6.jar:/Users/liza/.gradle/caches/modules-2/files-2.1/org.lwjgl/lwjgl/3.3.6/dc7db8fc4f1e6563867f9155b9a42d9c73d8992f/lwjgl-3.3.6-natives-linux.jar:/Users/liza/.gradle/caches/modules-2/files-2.1/org.lwjgl/lwjgl/3.3.6/2c9d698e76c3d0fe307d94cc6f428038492f25df/lwjgl-3.3.6-natives-linux-arm32.jar:/Users/liza/.gradle/caches/modules-2/files-2.1/org.lwjgl/lwjgl/3.3.6/9eeb8887b5e3aa672efd2e1b0973ffa5891a3151/lwjgl-3.3.6-natives-linux-arm64.jar:/Users/liza/.gradle/caches/modules-2/files-2.1/org.lwjgl/lwjgl/3.3.6/f14e7a5289d2355822f4f83b3fd38d158c939acd/lwjgl-3.3.6-natives-macos.jar:/Users/liza/.gradle/caches/modules-2/files-2.1/org.lwjgl/lwjgl/3.3.6/832e2964ce74e02e768814a29c06d60645115b9a/lwjgl-3.3.6-natives-macos-arm64.jar:/Users/liza/.gradle/caches/modules-2/files-2.1/org.lwjgl/lwjgl/3.3.6/9a29b6a22fc5184604b8cb434ee5d5ecc4bfcbee/lwjgl-3.3.6-natives-windows.jar:/Users/liza/.gradle/caches/modules-2/files-2.1/org.lwjgl/lwjgl/3.3.6/7a6f04e02429ba2f4bda9be191347bb7d3c71127/lwjgl-3.3.6-natives-windows-x86.jar:/Users/liza/.gradle/caches/modules-2/files-2.1/com.badlogicgames.jlayer/jlayer/1.0.1-gdx/7cca83cec5c1b2f011362f4d85aabd71a73b049d/jlayer-1.0.1-gdx.jar:/Users/liza/.gradle/caches/modules-2/files-2.1/org.jcraft/jorbis/0.0.17/8872d22b293e8f5d7d56ff92be966e6dc28ebdc6/jorbis-0.0.17.jar
Launcher Type: SUN_STANDARD

[Global flags]
     intx CICompilerCount                          = 4                                         {product} {ergonomic}
     uint ConcGCThreads                            = 2                                         {product} {ergonomic}
     uint G1ConcRefinementThreads                  = 9                                         {product} {ergonomic}
   size_t G1HeapRegionSize                         = 2097152                                   {product} {ergonomic}
   size_t InitialHeapSize                          = 268435456                                 {product} {ergonomic}
   size_t MarkStackSize                            = 4194304                                   {product} {ergonomic}
   size_t MarkStackSizeMax                         = 536870912                                 {product} {ergonomic}
   size_t MaxHeapSize                              = 4294967296                                {product} {ergonomic}
   size_t MaxNewSize                               = 2575302656                                {product} {ergonomic}
   size_t MinHeapDeltaBytes                        = 2097152                                   {product} {ergonomic}
   size_t MinHeapSize                              = 8388608                                   {product} {ergonomic}
    uintx NonNMethodCodeHeapSize                   = 5849088                                {pd product} {ergonomic}
    uintx NonProfiledCodeHeapSize                  = 122912768                              {pd product} {ergonomic}
    uintx ProfiledCodeHeapSize                     = 122912768                              {pd product} {ergonomic}
    uintx ReservedCodeCacheSize                    = 251674624                              {pd product} {ergonomic}
     bool SegmentedCodeCache                       = true                                      {product} {ergonomic}
   size_t SoftMaxHeapSize                          = 4294967296                             {manageable} {ergonomic}
     bool UseCompressedOops                        = true                           {product lp64_product} {ergonomic}
     bool UseG1GC                                  = true                                      {product} {ergonomic}
     bool UseNUMA                                  = false                                     {product} {ergonomic}
     bool UseNUMAInterleaving                      = false                                     {product} {ergonomic}

Logging:
Log output configuration:
 #0: stdout all=warning uptime,level,tags foldmultilines=false
 #1: stderr all=off uptime,level,tags foldmultilines=false

Release file:
IMPLEMENTOR="Eclipse Adoptium"
IMPLEMENTOR_VERSION="Temurin-25.0.3+9"
JAVA_RUNTIME_VERSION="25.0.3+9-LTS"
JAVA_VERSION="25.0.3"
JAVA_VERSION_DATE="2026-04-21"
LIBC="default"
MODULES="java.base java.compiler java.datatransfer java.xml java.prefs java.desktop java.instrument java.logging java.management java.security.sasl java.naming java.rmi java.management.rmi java.net.http java.scripting java.security.jgss java.transaction.xa java.sql java.sql.rowset java.xml.crypto java.se java.smartcardio jdk.accessibility jdk.internal.jvmstat jdk.attach jdk.charsets jdk.internal.opt jdk.zipfs jdk.compiler jdk.crypto.cryptoki jdk.crypto.ec jdk.dynalink jdk.internal.ed jdk.editpad jdk.internal.vm.ci jdk.graal.compiler jdk.graal.compiler.management jdk.hotspot.agent jdk.httpserver jdk.incubator.vector jdk.internal.le jdk.internal.md jdk.jartool jdk.javadoc jdk.jcmd jdk.management jdk.management.agent jdk.jconsole jdk.jdeps jdk.jdwp.agent jdk.jdi jdk.jfr jdk.jlink jdk.jpackage jdk.jshell jdk.jsobject jdk.jstatd jdk.localedata jdk.management.jfr jdk.naming.dns jdk.naming.rmi jdk.net jdk.nio.mapmode jdk.sctp jdk.security.auth jdk.security.jgss jdk.unsupported jdk.unsupported.desktop jdk.xml.dom"
OS_ARCH="aarch64"
OS_NAME="Darwin"
SOURCE=".:git:cda0a1776184"
BUILD_SOURCE="git:a612825ee82a20ac872d60958c349854c1f29a8e"
BUILD_SOURCE_REPO="https://github.com/adoptium/temurin-build.git"
SOURCE_REPO="https://github.com/adoptium/jdk25u.git"
FULL_VERSION="25.0.3+9-LTS"
SEMANTIC_VERSION="25.0.3+9"
BUILD_INFO="OS: macOS Version: 14.1 23B74"
JVM_VARIANT="Hotspot"
JVM_VERSION="25.0.3+9-LTS"
IMAGE_TYPE="JDK"

Environment Variables:
PATH=/Users/liza/.local/bin:/Users/liza/.nvm/versions/node/v24.12.0/bin:/opt/homebrew/bin:/opt/homebrew/sbin:/usr/local/bin:/System/Cryptexes/App/usr/bin:/usr/bin:/bin:/usr/sbin:/sbin:/var/run/com.apple.security.cryptexd/codex.system/bootstrap/usr/local/bin:/var/run/com.apple.security.cryptexd/codex.system/bootstrap/usr/bin:/var/run/com.apple.security.cryptexd/codex.system/bootstrap/usr/appleinternal/bin:/pkg/env/global/bin:/Library/Apple/usr/bin:/Applications/Postgres.app/Contents/Versions/latest/bin:/Users/liza/.cargo/bin
SHELL=/bin/zsh
LANG=C.UTF-8
TMPDIR=/var/folders/7k/8cjmdq6x6kl0rpx4w6sptr6h0000gn/T/

Active Locale:
LC_ALL=C.UTF-8
LC_COLLATE=C.UTF-8
LC_CTYPE=C.UTF-8
LC_MESSAGES=C.UTF-8
LC_MONETARY=C.UTF-8
LC_NUMERIC=C.UTF-8
LC_TIME=C.UTF-8

Signal Handlers:
   SIGSEGV: crash_handler in libjvm.dylib, mask=11100110000111110111111111111111, flags=SA_ONSTACK|SA_RESTART|SA_SIGINFO, unblocked
    SIGBUS: crash_handler in libjvm.dylib, mask=11100110000111110111111111111111, flags=SA_RESTART|SA_SIGINFO, unblocked
    SIGFPE: crash_handler in libjvm.dylib, mask=11100110000111110111111111111111, flags=SA_RESTART|SA_SIGINFO, unblocked
   SIGPIPE: javaSignalHandler in libjvm.dylib, mask=11100110000111110111111111111111, flags=SA_RESTART|SA_SIGINFO, blocked
   SIGXFSZ: javaSignalHandler in libjvm.dylib, mask=11100110000111110111111111111111, flags=SA_RESTART|SA_SIGINFO, blocked
    SIGILL: crash_handler in libjvm.dylib, mask=11100110000111110111111111111111, flags=SA_RESTART|SA_SIGINFO, unblocked
   SIGUSR2: SR_handler in libjvm.dylib, mask=00000000000000000000000000000000, flags=SA_RESTART|SA_SIGINFO, blocked
    SIGHUP: UserHandler in libjvm.dylib, mask=11100110000111110111111111111111, flags=SA_RESTART|SA_SIGINFO, blocked
    SIGINT: UserHandler in libjvm.dylib, mask=11100110000111110111111111111111, flags=SA_RESTART|SA_SIGINFO, blocked
   SIGTERM: UserHandler in libjvm.dylib, mask=11100110000111110111111111111111, flags=SA_RESTART|SA_SIGINFO, blocked
   SIGQUIT: UserHandler in libjvm.dylib, mask=11100110000111110111111111111111, flags=SA_RESTART|SA_SIGINFO, blocked
   SIGTRAP: crash_handler in libjvm.dylib, mask=11100110000111110111111111111111, flags=SA_RESTART|SA_SIGINFO, unblocked


Compilation memory statistics disabled.

Periodic native trim disabled

---------------  S Y S T E M  ---------------

OS:
uname: Darwin 25.5.0 Darwin Kernel Version 25.5.0: Tue Jun  9 22:26:22 PDT 2026; root:xnu-12377.121.10~1/RELEASE_ARM64_T8132 arm64
OS uptime: 14 days 17:04 hours
rlimit (soft/hard): STACK 8176k/65520k , CORE 0k/infinity , NPROC 2666/4000 , NOFILE 1048576/infinity , AS infinity/infinity , CPU infinity/infinity , DATA infinity/infinity , FSIZE infinity/infinity , MEMLOCK infinity/infinity , RSS infinity/infinity
load average: 3.40 2.78 2.85

CPU: total 10 (initial active 10) 0x61:0x0:0x6f5129ac:0, fp, asimd, aes, pmull, sha1, sha256, crc32, lse, sha3, sha512
machdep.cpu.brand_string:Apple M4
hw.cachelinesize:128
hw.l1icachesize:131072
hw.l1dcachesize:65536
hw.l2cachesize:4194304

Memory: 16k page, physical 16777216k(6179568k free), swap 3145728k(1104192k free)

vm_info: OpenJDK 64-Bit Server VM (25.0.3+9-LTS) for bsd-aarch64 JRE (25.0.3+9-LTS), built on 2026-04-21T00:00:00Z with clang Apple LLVM 15.0.0 (clang-1500.1.0.2.5)

END.
